"High","Low","Kgp","Sc","Fitted"
1.74508469589316,0.252444056034223,1.97,2.45,0.626714413839067
17.5889170512902,2.45694053392407,8.1,28.2744,6.31207357995672
1.1300529930975,0.170311001217473,0.782833333333335,1.64933614313464,0.431557078412225
2.14697220212391,0.295581494471255,3.18,3,0.758578079708074
34.7768326900411,4.48413747760656,11.67,59.3057644135274,12.7188173823112
1.83433841705473,0.251409667912619,1.36,2.55,0.651164964522285
0.844297751830876,0.123964535974715,1.1835,1.17809724509617,0.313628568746662
1.92826274841976,0.286362800756162,0.955733333333334,2.68606171881927,0.684249663560088
5.40361803705926,0.773879935198222,1.4,7.7931315,1.87199112243931
19.9436939619587,2.44052531990735,14.112,30.1769708722965,6.70067977683903
8.95225510648351,1.21164521607914,1.68,14.1862875,3.29874893947436
4.26952977546371,0.600181758223523,2.421,6.25763017924568,1.52018441326086
2.25325467034839,0.322836508664557,1.713,3.2914275809805,0.828640600373162
8.41469302731029,1.29320180011094,5.85,13.0177112351593,3.03347626154426
8.76012936435193,1.22479143726911,2.72,13.2,3.07824832459422
7.00305143458577,0.994120530449019,4.81,11.3,2.65471291378349
4.5502938960782,0.601781134957295,2.09,6.8,1.64473516399204
3.44140046774332,0.474245092288473,2.9982,4.94800842940392,1.21735631588848
0.304103679573846,0.0415902516692759,0.789,0.392699081698724,0.110609338176429
3.98035943312187,0.59477497087166,1.248,5.96131915402541,1.45325513256305
15.0465059819504,2.01229622154881,2.125,23.75835,5.37476430407874
1.2532878030996,0.191924065729562,0.23,1.7089067190487,0.447067260735052
7.14411906989959,0.97070541964181,1.28,11,2.59403298316369
26.499628790871,3.99066878581194,11.14,44.2,9.62581654608253
0.351105921586193,0.049672822837945,0.188,0.448941251534874,0.12626440807422
1.35912590559102,0.178786147262086,0.814,1.81434247800614,0.472263399082938
0.862807959635921,0.121644990623028,0.263,1.17809724509617,0.314479408505007
3.14691401742453,0.499553717011447,0.8153,4.90873852123405,1.21004387690331
4.82651073330678,0.680834575524415,12.942,7.35437365254937,1.76680727938795
2.56626610672361,0.3892023098132,2.6037,3.61283155162826,0.904504102076622
10.3948868969078,1.57060029922744,2.54,16.5162511778232,3.80626116592732
2.94209991353536,0.42263302859479,0.67,4.38728094558411,1.08840890960113
14.9822205984479,2.12393323332697,3.54,23.82909671199,5.38183288751931
1.88058645409261,0.288057806053921,0.048,2.69913005782406,0.68979392965428
0.11582628047342,0.0160642672409505,0.02,0.141371669411541,0.0426881529662253
3.99571240337816,0.5534179418959,2.82,6.20454817740635,1.50770627321167
3.98452211541739,0.607924398484548,0.87,5.9395875,1.44889021952415
5.0141707743997,0.767815509800993,1.1572,7.77544181763474,1.8684726419207
4.43467573396887,0.590300229509126,2.5088,6.28318530717959,1.52598216679221
9.41795733640746,1.40348548788472,1.268,14.86,3.44901196913509
1.21838543675809,0.181129295241016,0.06,1.7,0.445720667932739
1.83329855604209,0.268010006198815,4.902,2.66,0.676677466004363
2.76929101748793,0.350823712871795,0.707,3.97411470679109,0.991205481081746
1.15197208890781,0.16703263356173,0.952,1.54698604685322,0.406057564426423
2.28870102834937,0.322385082835167,1.019,3.3,0.83116342126988
0.571839083555515,0.0812735364154815,0.02,0.75939868724763,0.208868636413455
0.71591816947142,0.0978902221052683,0.048,1.06470124367693,0.28671472170383
1.17138275620081,0.155125869768737,0.366,1.67,0.437149890317679
0.194280028294075,0.0287448475426415,0.036,0.24,0.0702365975689126
3.20302381342247,0.411458480873932,1.152,4.54632899708551,1.12497805267941
1.13506777152039,0.16132319003333,1.4344,1.53152641862502,0.401965706911606
15.5902247186818,2.43547169145427,3.51,25.8593191541242,5.81568911199331
2.35983686314259,0.345418219320636,0.584,3.3006,0.831824229346784
1.3794532952184,0.208589342974836,0.235,1.91851888255765,0.498698769034474
17.3253773280232,2.36697164245031,3.48,28.2373001823394,6.3218485971372
10.1150309817943,1.51102221986337,2.02,15.9,3.673538708264
0.820176897323396,0.104993039444483,0.16,1.1,0.295004939199481
3.79568085437847,0.571774241429523,3.7872,5.41924732744239,1.32626148720214
7.49200331131323,1.13863142568085,3.03,11.8864908457504,2.7871172220218
0.0601979854185513,0.00829140239771482,0.03,0.0707,0.022014795623811
1.90810690034441,0.27935266407295,2.985,2.7350543941951,0.695123037592287
5.93343287815935,0.76574594058145,0.81,9.1,2.16946158206693
1.51445437327454,0.206558847633077,0.47,2.15892209710635,0.557057760439662
1.70607940423941,0.240614755929222,2.042,2.5,0.638776282881991
5.08748234311855,0.7335827743607,8.46,7.9,1.89142722141477
3.98442322097982,0.557535787115089,0.37,5.7,1.39501416172483
21.4932371388699,2.90279562222288,10.74,35.8,7.88454381048056
10.3197956161644,1.45293256473374,5.48,15.8972823681073,3.6647443646374
0.403860479855359,0.0619216295514041,0.01,0.5,0.141169475851185
7.24676466797251,1.06199860624013,1.72,11.6,2.72633147526603
4.37157100475358,0.676982881377835,1.09,6.87223392972767,1.66266859405477
4.29955356274278,0.578948726435324,1.63,6.28318530717959,1.52681271056344
3.71016987207512,0.552683717713029,3.74,5.7,1.39110809066687
3.87326171659268,0.590617500842316,2.37,6,1.4610083938318
2.20194068560668,0.339292418297043,1.283,3.3,0.830949187206782
0.0422277300773002,0.00561398702012785,0.038,0.0488923985178303,0.0154332192306803
1.34483565743078,0.191558040092899,0.37,1.85926548752589,0.483834231178803
4.62479348748827,0.687903919585641,5.64480000000001,7.03716754404114,1.69665812445034
1.0082265621015,0.129048557100905,0.9454,1.42942465738336,0.376795841296542
1.03994410617766,0.148554920047664,0.382333333333332,1.42942465738336,0.377337787804959
1.7122253771985,0.259513582286435,1.037,2.36975344066108,0.607756871463401
10.6934670762581,1.53606071086834,2.81,17.3,3.97614312282914
7.10850078555762,1.05434223750631,1.47,10.9955742875643,2.59242000650313
3.84539191074106,0.545656515604483,1.62,5.5154715,1.3498721168963
8.60745309424917,1.18146273875235,6.96,12.728775,2.96881464745133
0.457600179082974,0.066300224688429,0.316,0.617729071355683,0.17060481728204
0.945500464768809,0.140045097480597,0.14,1.3,0.345530168854518
10.0157996910511,1.40357795068725,5.76,14.8617315,3.4382505427087
0.0414033933147997,0.00668629237527475,0.013,0.0503984021668373,0.0160761709389137
2.50141970031742,0.331186889112177,0.47,3.61283155162826,0.9062285540159
1.97842279463367,0.29586404908639,0.38,2.94524311274043,0.747286549800756
0.470447923007696,0.0649636969200696,0.094,0.642585834447536,0.177691760053834
4.18845665738766,0.677153202688011,4.33,6.68703384715346,1.61736667521665
0.446043956713867,0.0639491028974825,0.12,0.565486677646163,0.157346547792178
9.01915798644881,1.3769988253374,18.09,14.8627840931975,3.43007853855039
2.03142215851169,0.284015712815186,0.652,2.82743338823081,0.718560727240379
2.46186073969498,0.341774094075442,7.225,3.4,0.853083410955839
0.69684956756475,0.0961550709971529,1.1835,0.942477796076938,0.253839633692541
18.1217634330155,2.69107693513514,4.41,30.4686029839164,6.78925358741503
7.05204454712684,1.10928636472156,1.34,11,2.59382594779042
10.0989332905618,1.47738964534598,1.84,15.9,3.67430667698422
1.4052748334588,0.230688607344778,1.668,2.11859763553896,0.546334867121732
2.59146725983078,0.406279272492545,4.635,3.8,0.948123113905398
8.69994659145641,1.28929146356412,7.61,14.16147612109,3.2830133838287
7.95704256663237,1.20499374876451,5.52533333333334,12.3700210735098,2.89095525343768
3.31223434494462,0.477350289164769,0.295,4.9,1.20942634950197
4.04998324163877,0.525442822673677,3.02,5.89048622548086,1.43536763807069
18.9630699558359,2.8065377729365,4.69,31.4159265358979,6.98777517401915
2.52414026254096,0.371360133942234,1.223,3.8,0.949529853843169
1.26115291744429,0.180692186078959,0.465,1.8,0.46909514189542
10.807604927308,1.58017780163646,2.72,16.8269341019521,3.87341056873008
3.20735039487723,0.461752780394005,2.112,4.95221131209284,1.21882779205195
1.44646665447709,0.214217733179225,0.475,2,0.518209536284451
0.292148215193671,0.0409861221744341,0.05,0.376991118430775,0.107532458519399
0.316638202274843,0.0439759247845728,0.04,0.4,0.113824359709854
0.236096793760879,0.0339822608206813,0.047,0.297747455170348,0.0860341622683544
2.5699602973839,0.359681013974908,1.407,3.7,0.925751037095815
0.803861124074958,0.128693102790682,0.781,1.1065432038198,0.295780713335215
1.59748016635953,0.237304601882932,0.559166666666668,2.19911485751286,0.56673181072608
19.9590222219293,2.5581677318765,6.26,33.2,7.35583046079455
1.4896779996695,0.212544038352953,0.28,2,0.518568607445384
0.413990765817342,0.0644003512653095,0.047,0.568519792831625,0.158584967732927
1.23063581075594,0.170651488391324,0.893,1.65918684164248,0.43391210600405
1.48849135814788,0.223030402212381,0.915,2.17,0.559289005455854
10.1590820382195,1.38440689940071,4.6,15.9,3.666774051542
0.373595617444963,0.0593958021055401,0.04,0.5,0.140539479833111
14.0041399543322,2.09209758232329,2.65166666666666,22.9728962793754,5.2027358166028
0.514246343082443,0.0740660370600191,0.048,0.66,0.182569774723635
10.4543489904717,1.38393673699626,3.32,15.9,3.66945300693631
2.07091568870365,0.296595942259774,1.1084,3.1101767270539,0.78582545164786
4.19291197392091,0.640755133941694,0.6,6.4,1.55560854578663
5.75811297582476,0.696804050132723,4.136,8.57437682965709,2.04571016859941
1.30470101150204,0.199310261234927,0.369999999999999,1.83783170235003,0.478560475582916
2.25197249905053,0.284852390919325,0.727,3.3,0.831477508659828
15.0183724453837,2.17360326560723,6.39,24.6,5.53684486985432
6.98025791700622,0.97859899006767,3.28,10.6589655,2.51380666735495
7.2357698386774,1.06644839352048,2.86,11.3,2.65716206996044
11.6960388297466,1.76459046787812,3.12,18.9698871230611,4.33758584585755
1.92710730624699,0.273231513923086,1.28,2.6,0.663278030124475
2.0971364968592,0.277802033153153,1.108,2.9,0.735533365926978
0.537092393106671,0.0769515411703582,0.188,0.713598940349323,0.19585688243364
22.2969696274933,3.54925901086868,4.38,38.5,8.47720794695929
22.2140459787734,3.50639276142913,8.83,38.5,8.45332897661919
7.82929107168878,1.04501053774833,1.15,11.9,2.79508118861738
10.3938927708516,1.38966824556694,0.8942,15.90435,3.68120452147107
9.95461685053685,1.36040261201452,4.91,15.9,3.66623850067465
2.12703647008611,0.291399610289839,1.674,3,0.759130755059475
1.46712356211631,0.204656861099192,0.35,2.1,0.542881139008505
1.3086303535175,0.194504039389293,0.426,1.8869,0.490535313750414
0.991043902968076,0.148068864942837,0.282,1.31234655184194,0.348220322831571
2.64725860670682,0.374333036916609,2.247,3.7,0.925269094889217
2.73723324081396,0.425294543155064,0.983,4.05,1.00871451171706
0.761279002150214,0.107029251110032,0.686933333333334,1.02101761241668,0.274149666945456
12.5901704312455,1.77761937489187,3.45,19.6,4.47276607464513
7.25428451616835,1.07859239811761,1.4728,11.0446875,2.60336897993217
7.12782978926408,1.0018752293245,2.42,11,2.5911559730893
18.471610214699,2.63925184346361,3.43,30.7,6.84413891226983
0.587786782858271,0.0856351880861983,0.165,0.749239110561119,0.205167696772782
2.43948246072147,0.338671952821211,0.62,3.53429173528852,0.887323812078595
26.674796010921,4.11882811300665,11.34,44.17875,9.62068079410534
11.9369259128805,1.77087135910467,4.08,19.6,4.4708263072503
2.64938212122791,0.369856574752285,1.152,3.97560332907502,0.991016659167352
16.8035333594989,2.53182244017827,3.22,27.3661964742114,6.13827192536854
7.14389423590968,1.04604762230427,1.575,11.0446875,2.60306386367602
30.4705354065904,4.2312395140579,3.875,50.2656,10.9284708839854
3.73234012541485,0.482405726486844,3.68,5.335488,1.30693028120192
1.16628355998127,0.169222257676172,0.144,1.61995582893468,0.425338688094962
2.40265708795465,0.347946307319377,0.431666666666666,3.45575191894877,0.869026352733949
1.31706666081543,0.20511819430511,0.144,1.9050585795363,0.495718223709393
0.562495092012829,0.0852299904077392,0.138,0.75,0.205454911482533
8.37350705416335,1.13580115229728,3.76,13.201109380286,3.07652952295674
6.75525433957079,0.978422279937836,1.63,10.4457955731861,2.46915714912476
0.125834685876119,0.0176924746834139,0.08,0.157015830798444,0.046735209893745
7.94485870524209,1.24195813306093,4.88,12.6,2.94242287490479
0.987778126452058,0.153595585977215,0.658,1.42,0.374660297947882
1.90778334514161,0.278917509722926,2.26986666666667,2.68606171881927,0.683560088737218
8.64724804844063,1.18094408226975,2.14,13.5362629923572,3.15390972207852
3.08089731875812,0.407693814765488,2.9982,4.31968989868597,1.07074465016031
4.70193927683921,0.702537901837799,4.559,7.24241691858793,1.74386615104487
1.26762120634434,0.161343120957081,0.536800000000001,1.75929188601028,0.458966530627862
13.6621815205922,2.07210327590851,3.88,22.3593072222328,5.06544132115879
2.09299017467917,0.307258444314667,1.637,3,0.759150013266837
1.46546132169927,0.233489997261928,0.4,2.09974807476912,0.542726796279893
0.908012542623827,0.122403002173402,0.142,1.22585531603341,0.326873889206693
14.2097047272748,1.94396788563561,2.74,22.8441947696576,5.17460988436529
9.58001041078856,1.35723106660729,1.44,14.9,3.45686715609823
0.398994522827285,0.0571083978945665,0.148,0.502654824574367,0.140651281023827
2.42681956607956,0.361621788931051,1.207,3.58034363148491,0.897581940844671
1.13417360382197,0.15217451981414,0.101,1.56,0.410672714361556
0.129154269671959,0.0194666823699737,0.03,0.15707963267949,0.0470477526169384
3.56415622161959,0.528017625461998,0.64,5.17604768735822,1.27260693590845
16.8592537075061,2.69647762338559,2.125,28.2744,6.34005646803339
17.4262934691909,2.51219465502227,4.83,28.3,6.32829698606153
0.349383023339177,0.0484973851123604,0.02,0.450200716799655,0.12758406898509
8.81769716469112,1.14535317340317,5.3,14.2,3.29391901046935
20.5677306346962,2.99510299186855,10.6,33.2,7.34164030708224
0.539487473359998,0.0731755004073435,0.101,0.687549354156988,0.18938936111152
20.0172444355665,2.96423085979594,8.8,33.18315,7.34311967349821
0.609728013169529,0.0815193138252999,0.208,0.79,0.215593064527927
11.5782064819852,1.53070920874858,2.1,17.7205875,4.07048353903921
24.5466076819972,3.56754422184857,5.6,41.3,9.05235392816619
2.21110487137625,0.327459408154429,1.13,3.1,0.783377694638814
2.23563761746199,0.303932259086737,0.21,3.1,0.784866715007319
0.689335824864643,0.0991947892367522,0.188,0.946740571206147,0.255910649400126
9.11777968944968,1.25630005992861,3.64,14.1092619588814,3.27655513085255
1.1730009159731,0.168637607825731,0.61,1.6,0.419489788356752
2.81384508994554,0.410093830171437,0.68175,3.97411470679109,0.991245683664265
1.22467913874365,0.170464157098958,0.808,1.76,0.458878054164692
1.13010849503096,0.156877288699358,0.32,1.53152641862502,0.402883916095031
0.229413857202374,0.0333537823212591,0.12,0.284085612200672,0.0819380980902132
0.936282029472943,0.149154218043232,0.846,1.31853962889545,0.349131884418917
10.6797860932924,1.50846880901232,2.24,17,3.91290439841308
3.60644429442171,0.483714395727624,0.768,5.45770304384557,1.33769590899655
0.783997589232558,0.115896688750689,0.28,1.09126211596072,0.29247905498762
31.8770272235615,4.48854279574059,11.98,52.1626197837568,11.2590392162863
32.393452263789,4.4085592588309,13.55,53.3244794730471,11.489860971972
4.00068985886509,0.606587532409519,0.41,5.9,1.4410890511383
0.275728809982285,0.0391824132965646,0.06,0.353429173528852,0.101089136258688
1.46612298298004,0.192840303508879,0.13,2,0.519090310536592
13.664511796374,1.8851986292214,3.45,21.6,4.90394431475558
6.15483737603129,0.937794292600608,0.97,9.6,2.28147708413605
2.61503931731911,0.378498950468604,5.595,3.95209705872599,0.983742901452751
0.107905935948329,0.0147166925715485,0.033,0.122648813711999,0.0371721689369661
1.28309118323243,0.187493992368477,0.4238,1.75929188601028,0.459118676269398
10.9830876039117,1.69010622628763,5.11,17.7,4.05729259263986
1.12145773531758,0.149940284526111,0.978,1.60221225333079,0.419744997820663
0.159504306016814,0.0225694475434126,0.02,0.191428012379328,0.0568826467892097
9.88833310245704,1.32518218678767,4.14,15.9,3.66763941092237
1.51841986051559,0.198538997887353,0.41,2.12057504117311,0.547796029691173
0.413202997924288,0.0613229270084041,0.12,0.522316204596009,0.14595287881446
1.52071672807224,0.223134388916091,0.74,2.2,0.566748311876388
0.0153945499888214,0.00201924711139283,0.01,0.0170508110419802,0.00571272420169951
0.306160702644674,0.0486851920595309,0.03,0.4,0.113946432730287
0.556653386525204,0.0823347464917968,0.112,0.75,0.205560220165273
6.0792758953837,0.888539165554706,14.68,9.4,2.22692274435286
1.59059365475907,0.196101565221626,0.384,2.28257952459507,0.587315735607379
24.0490842378555,3.5030256249737,4.64,38.5,8.47524137033643
14.5548830365399,2.27716555872507,4.06,23.8,5.37343194235356
3.13143916711945,0.457436790958445,1.1,4.63085055817579,1.14479648252098
1.11973824406467,0.157452410169564,0.281,1.5,0.395118445207804
5.18536660507586,0.78817043585824,5.06,7.9,1.89280642928944
1.4428518096428,0.21106486332175,0.671,2.04,0.5277646117157
2.37794880612318,0.342046051481673,0.3156,3.39292006587698,0.85438422461112
1.30691028181166,0.186850903096195,0.825,1.8,0.468722890741035
1.51253038372078,0.244940149758194,0.65,2.4,0.615436530353368
4.67328710903559,0.702878323570367,1.31,7.1,1.71431166008955
0.429613117134451,0.0580596577256512,0.6312,0.549778714378214,0.152438103793209
0.781283745405722,0.103011926293438,0.716800000000001,1.06028752058656,0.2841033983114
2.13670939500008,0.308653668160736,2.2092,3.14159265358979,0.792710421990951
2.13741108147703,0.302777872672022,0.6049,3.1101767270539,0.786362365530905
3.30411788070265,0.530422975626212,0.864,5.01297584055895,1.2342373424475
23.9770156547898,3.6493594078365,2.875,38.4846,8.48835018889288
0.810064412209063,0.108198208411924,0.24,1.0386915,0.279218038266848
7.03332981502561,0.943784799692442,1.14,10.8,2.54987641697809
10.2362873647275,1.46975839701073,4.46,15.707963267949,3.6251202357093
0.592380597433053,0.094874406333009,0.271,0.802272167320525,0.218625302103669
2.4251838567053,0.359237116421537,1.8936,3.61283155162826,0.904824631636437
1.2965234504443,0.197711028476925,0.118,1.8,0.469986707348959
3.08110089952441,0.460194266873029,2.538,4.60797886816511,1.13836754650467
0.493545542499575,0.0694715702085388,0.0789,0.628318530717959,0.174043449560334
0.387696522429463,0.0543817431869669,0.312,0.497812788749985,0.1390316007474
1.53671735522461,0.231804028644726,1.872,2.18659793215093,0.562826551850136
12.4952778350732,1.77565673209544,7.66,19.6,4.46354864834733
0.613824419309272,0.0890612235430497,0.254,0.8,0.21807226199867
0.417768677348499,0.0600273297847237,0.095,0.55,0.153373695384453
2.11644954420869,0.302183092153552,1.53,2.98345532669668,0.755249567169067
12.5584434712279,1.81122777563762,8.98,19.6,4.46171367093348
0.61166412220205,0.0784691385206184,0.07,0.8,0.218733203512494
0.39563661641672,0.0571661965301514,0.039,0.5,0.140550960169006
1.13299704273532,0.163461840712939,0.87,1.59263492278012,0.417442943242923
2.29519808808818,0.33705834019593,0.96,3.37769594368146,0.849704655532834
1.44052958899268,0.200505219528245,1.7604,1.97920337176157,0.512229582140334
8.52920374386738,1.20844812784038,2.5,13.7444678594553,3.19880196231158
0.757725573231621,0.0948795939734028,0.275,1.05,0.282017425973862
1.55236717447321,0.21516260376862,0.76,2.06516731280151,0.5338327580827
2.5690291343089,0.352398275420812,0.22,3.8,0.951344169619899
1.89283206984892,0.259494881928095,0.33,2.6,0.664337231862342
6.9399229983782,0.996501344844477,3.71,11,2.58922774211021
0.739712780993684,0.111540397517293,0.07,1,0.270039763281398
28.9285250676762,3.7792425955802,10.3,44.3537597567528,9.66087550370605
4.10057424620096,0.591181253981681,4.4,5.8346695,1.42185782085633
2.15840031997617,0.316894668787196,0.715733333333334,3.1101767270539,0.786213168620931
8.92099645682391,1.21636131096964,1.64,14.2,3.30193337440286
1.67895356029342,0.255808915133787,0.749,2.5,0.639540703114619
3.4488619313774,0.476346335632493,2.068,4.95047186562982,1.21845291189316
30.7521514393091,4.31995567885194,13.33,51.0122844861311,11.0178029012625
0.781632462421616,0.104313857925699,0.235,1.05795992107815,0.28412581296873
1.0509053925071,0.134290973432727,0.32,1.41371669411541,0.373521731352097
3.68239493964514,0.484419216340076,1.263,5.39135364371513,1.32153400843118
1.02968296912175,0.15462669197067,0.9,1.43438757109867,0.378063467715613
13.2885904074668,1.65421457102843,5.485,21.2,4.81177984340547
1.47487937552383,0.214583010622198,1.8936,2.04203522483337,0.527551894004208
22.2498487397008,3.04692339803061,7.68,35.8,7.89471745278322
0.581266517622369,0.0822975534765327,0.1956,0.75398223686155,0.206310393642745
0.234945784144847,0.0343034412872441,0.11,0.309820493074827,0.0890021288516063
19.2414562144087,2.72581431395367,2.49,33.18315,7.37717610949701
0.425679380923642,0.0599628565703907,0.097,0.55,0.153364016189318
7.33380905340747,1.13792854015975,8.41,11.5790288677411,2.71388995580301
0.16617542483775,0.0209937283600122,0.09,0.203488844519863,0.0597653854242271
8.61478214580602,1.2113784753825,1.65,13.2,3.08128170159075
0.705465376054827,0.102664090893354,0.176,1,0.269538948888085
1.678222148055,0.233089089809257,0.45,2.4,0.615710459499246
1.45930352454451,0.225438711983764,1.2624,2.04203522483337,0.527829471797312
1.61530825170183,0.24978433814373,0.760466666666668,2.35619449019234,0.604696960567256
2.43799724427438,0.354123055853529,2.475,3.6,0.901518242216833
6.98342335872488,1.07313273595851,4.93,10.6160104230332,2.50249179727682
10.404933211208,1.52565328370165,5.61,16.2984026034175,3.75192656622024
2.26758803063553,0.287550213446685,1.25,3.2,0.80715164795911
7.0945795613053,0.96456358039631,1.09,10.8,2.55007328114766
3.29392626702045,0.500350851756316,3.04,4.69744,1.15900244317229
0.766341695033555,0.105233032720193,0.09,1,0.269903159801504
2.70410853491297,0.357598363233722,0.812,3.8013,0.950269873750599
2.78224374889177,0.414427542797906,1.5974,3.95840674352314,0.986604982361913
1.71231255994862,0.237223524310671,1.777,2.38493857536575,0.611039111006941
20.2550371237249,2.7080473898947,7.4,33.2,7.35131993798732
2.86015549796808,0.445758588486254,3.466,4.3,1.06595800031474
2.6167264678771,0.371202907007407,1.494,3.88,0.968196912062928
20.6672824456002,2.72015773220138,8.68,34.7,7.66109662629759
0.847428706448488,0.125139055396488,0.141,1.12359132494465,0.301051694958814
22.6067878461335,3.35643961058098,6.68763333333334,37.6991118430775,8.29572649504233
7.8764635325861,1.1313552310579,2.51,12.4,2.90189665403325
7.84498157876598,1.10447400237085,3.16,12.6,2.94486477822295
1.39125352487815,0.203314470946633,0.278,2,0.518573479306736
11.9960440217391,1.79435427423184,1.83,18.9,4.32827163771699
0.904080742331566,0.13737086335438,0.2367,1.22522113490002,0.326421317528387
1.28242864244506,0.171961628523353,0.33,1.76714586764426,0.461217473565196
0.996692688730036,0.151632503355371,0.74,1.41371669411541,0.373021449080397
8.45686984996213,1.27414479233649,6.63040000000001,13.7444678594553,3.19248768630051
1.67013651490226,0.241871530507757,0.752,2.32817821110911,0.59790553729172
0.350681345837289,0.0495670115425157,0.238,0.469328542164619,0.131590406866915
1.73248785478509,0.248706912155085,0.981,2.58,0.658659829776693
3.18497929011862,0.473107216088585,0.96,4.71238898038469,1.16402121768372
9.60956306010878,1.44442451296318,1.93,15.707963267949,3.63187048203206
2.32035995113233,0.309537748288378,1.87,3.40969271145519,0.856673123172546
0.912712303747838,0.130918340248317,0.355,1.2272,0.326687530553842
20.9265751653612,2.99259165735125,5.82,35.8,7.90314037134939
11.1952267288724,1.52177336817154,2.37,18.5,4.23866365072237
1.90285699440177,0.276307357168008,1.44,2.69412,0.685862521011115
5.48714285765021,0.820202362218105,1.65,8.3,1.98646343850768
2.2799858972346,0.305351012436444,1.47,3.26553936741724,0.822619457312097
1.12614822272337,0.146000671601373,0.245,1.56,0.410125753369418
23.1718011337681,3.14778691772349,15.52,38.5,8.43416940073907
1.82063892892602,0.259248680513259,1.87,2.55,0.650919380294447
0.370406903547869,0.0512603288550579,0.094,0.51,0.142803652044993
1.4414735354822,0.202413007657832,0.3,2.010624,0.521124223324665
8.02320888121469,1.07104566180651,2.37,12.281287920441,2.87591628799797
0.379758006231904,0.0522237637672313,0.1,0.494800842940392,0.138745177277541
7.63682859224162,1.09969724117268,7.28,12.5691536035986,2.93337649452492
5.92040946701292,0.86554267159706,0.72,8.9041986838708,2.12563590401693
3.38382450110635,0.4941524460663,1.59075,4.90873852123405,1.20910984695208
0.695032420889883,0.0933623652808636,0.188,0.919131026251162,0.24884734273701
8.65491759697655,1.26306374577028,2.65,12.9747916271454,3.02869025864768
1.55594982141524,0.200797477318816,0.887,2.2,0.56661958322341
29.7556003233429,4.38543485861419,9.61,48.7462908474253,10.5693440686491
0.460607029821144,0.061249255576448,0.02,0.595765400450375,0.166160527650797
6.25760564844755,0.846493470603015,6.75,9.37557595539435,2.22417545015239
6.09678210986848,0.928131877347477,0.702999999999998,9.61327351998477,2.28563703255084
1.4601739580449,0.224347181346024,0.14,2,0.519039897162198
0.523812946195535,0.0748020778868905,0.188,0.674595028429517,0.185709008880333
4.54278632732612,0.654763496715783,4.5,7.05260809797752,1.70068826085099
0.293621280561647,0.0431885529447723,0.3156,0.376991118430775,0.106768925316127
1.58699207364094,0.24589893740787,0.64,2.35619449019234,0.604824069406072
5.10230466149498,0.682684896188871,1.17,7.5,1.80578324636239
0.392257502271947,0.0536405909785032,0.06,0.502654824574367,0.141060164197469
2.68734684236306,0.345779430936444,0.45,3.92699081698724,0.980586203482751
1.13887328537035,0.162850758350774,0.584,1.6,0.419516855800364
2.12529262651917,0.306353102157475,1.237,3,0.759391465403926
0.255309124340466,0.0339150524788341,0.109,0.31070746558568,0.0892474112705534
33.9963390351889,4.88509541460046,14.46,56.7,12.1745625510071
4.22489074976946,0.580634013285015,0.74,5.9,1.44004400330651
0.310593361613475,0.0389692642726877,0.029,0.393878546194227,0.112313008686786
0.917176191908831,0.122629708600967,0.292,1.25,0.332537921995109
1.69453020565068,0.253719985843681,0.11,2.4,0.61676102093834
7.36012327360999,1.0405979536914,1.41,11,2.59359583475041
4.78000964610315,0.681823569372143,1.21,7.1,1.71449385964112
0.810835791294574,0.119941567162161,0.789,1.09955742875643,0.294006175021029
1.06109770459286,0.156879867497226,0.522,1.40806964421225,0.371819175594691
7.24536001194658,0.965294802976729,1.17,11.0446875,2.60441599686243
2.32587512697532,0.324824693232451,0.982,3.29498582133864,0.830004032181772
1.04886910852286,0.158594413128201,0.05,1.4,0.371201123448226
8.54767960757524,1.1701360251568,2.07,13.2,3.07990515868167
7.11833182553335,1.00842505086973,1.125,11,2.5946164334181
20.6704231783347,3.13893151123462,6.17,34.7,7.67096222753946
3.31054418695879,0.472893178398724,3.337,4.85911828459224,1.19653315031511
21.2759638305491,3.1666936979589,9.735,34.7,7.65778400677413
5.17078308411926,0.740863055381062,2.27,7.69690200129499,1.84887523925074
0.898050440165229,0.125461177251947,0.282,1.22695512298381,0.326757715727875
8.28568421113662,1.11741881625399,7.96,12.4,2.89557939871738
1.46603485288424,0.194068866984912,1.316,2.02817678025855,0.524412137469308
0.258776715586073,0.0304794485345927,0.08,0.314159265358979,0.090308585590773
1.64561950204617,0.246537127238372,0.557,2.31,0.593710021560592
0.406950410412298,0.064644978329232,0.096,0.526404974276444,0.147136603405619
0.587251566098523,0.0899116994433784,0.2684,0.812887099116359,0.221367623607992
2.09637333828288,0.322356317674131,0.36,3.1,0.784389496329476
10.9703969105109,1.46686653690316,2.53,17.3593655054344,3.990058503655
6.16462658775119,0.923254261710651,2.8,9.52736665879938,2.2613278130558
2.12141201062998,0.319680113326186,1.95,3.12659944213658,0.789244480443018
26.8943872218661,3.76955658040286,7.55,44.2,9.64222135351908
3.7994181709661,0.539871895841848,1.75,5.6,1.36929012721825
6.10762769582095,0.905717863820869,2.12053333333333,9.42477796076938,2.23928231946187
0.0834082856752665,0.0119549983560524,0.026,0.0962,0.0295599970352149
1.74246635588422,0.247756113076093,0.672,2.44,0.625103031521636
0.422538741724119,0.0612090679151983,0.188,0.574346376568022,0.159467715999367
3.11596954691331,0.432911562174253,1.15,4.523904,1.11973474241025
4.41971309143733,0.617502567994548,2.42,6.50666163007839,1.57729745741509
11.7454434073113,1.61072101551386,2.25,17.7205875,4.06980581310141
0.900524851611026,0.127873834903644,0.07,1.2,0.32075964598886
15.0452280306653,2.20852840716224,4.24,22.795996226619,5.15780178894242
1.13648765808141,0.172911296730263,0.06,1.5,0.396059375570011
1.06099602888575,0.142728886129858,0.52,1.4,0.36980536741928
1.8964382323423,0.273962341825438,1.558,2.59,0.660712751503636
4.06740033687899,0.583250760418418,2.72,6.15082292303654,1.49543422377675
7.1113036721745,0.974699782189321,2.24,11.0149296728071,2.59483193201263
4.61495209493709,0.598065503409202,1.94,6.69577961715732,1.62105564303358
26.1583513368329,3.48153188356961,11.76,41.2825875,9.02057915129162
4.04234926345813,0.578459521950919,1.69,5.9,1.43858372334254
0.0916926852522885,0.0137914248308849,0.033,0.115566621785017,0.0351284685299692
0.465555364214522,0.0641858625164149,0.123333333333333,0.604756585816035,0.167654390033004
1.51559533471287,0.207737007563649,0.2525,2.00276531666349,0.519316421449147
1.36453932466274,0.204842297777809,2.436,1.89,0.490142923560042
3.33140013961918,0.52785927697381,0.6838,5.05796417227957,1.24504489885066
0.745401438554787,0.096435870094977,0.224,0.991601205820018,0.267267620812841
0.968329174014883,0.161501379466196,1.208,1.36,0.359305453178664
2.66531855663329,0.393623374807795,1.128,3.87,0.966140555101022
11.5285821128837,1.67816175592076,5.82,18.2228205990245,4.1692467573235
12.6220191726612,1.806906649582,1.85,20.4,4.65318466390939
1.63580819568395,0.239731822085795,0.814,2.3,0.591004336312025
6.11354779885928,0.889130412416891,0.79,9.6,2.28222414284307
9.96205834807947,1.53243652346983,4.4,15.9,3.66713912308484
2.2950140824729,0.330637341384516,4.935,3.2,0.805907780928598
6.2622682837791,0.902306879848323,2.63,9.55044166691297,2.26673100497376
2.85836752536583,0.413218651028525,2.78,4.16039763308414,1.03348002082775
2.41755806195921,0.314755371178567,0.4,3.48459251082889,0.875953722334676
15.3947188317219,2.17223110636765,6.24,24.834146514206,5.58712605145027
15.7773967591042,2.3878656800766,4.01,26,5.84324678630986
4.71457744705018,0.696109806084324,1.51,7.1,1.71398569882533
9.74430558737501,1.30931748015548,1.06,15.9,3.67884786788997
13.2289915923866,1.92333983019693,2.86,21.5984494934298,4.90615254345554
8.03987246467561,1.23044552967404,1.65,12.5664,2.94107594263855
8.05223887212153,1.19281975138876,2.21,12.3700210735098,2.89595357147485
1.96093639288897,0.28872286703216,1.504,2.77106381717331,0.704332263211875
4.08794405087144,0.577924120795009,5.4,6,1.45952083575917
0.361586390502667,0.0566652010421441,0.076,0.5,0.140248744825335
1.82837451303433,0.253714733927471,0.075,2.5,0.641298117931035
1.63500830734202,0.24913742556785,0.4545,2.35619449019234,0.605076407270605
0.537539411377183,0.0773237861900235,0.243,0.7098014795566,0.194742851478119
3.22875786879586,0.470853226277572,1.111,4.90873852123405,1.20961134778905
1.01551840721942,0.156897600103175,0.985600000000001,1.42942465738336,0.376770931705198
0.72458333489011,0.10092015763074,0.15,0.950334,0.256950034292527
9.20196238309686,1.42156753664559,1.38,14.1862875,3.30009264011776
0.69838814223567,0.103901374766385,0.567466666666667,0.934623814442963,0.252223905911182
6.56224739908821,0.998528740204083,2.84,9.6,2.27757127148594
1.80678834089242,0.229341617713226,1.32,2.38033795671822,0.610144438247665
1.28176192572736,0.187765820913554,1.433,1.81,0.470826512303852
5.52357848994156,0.840407668955797,2.06,8.3,1.98582024869139
2.70207818799628,0.39120871332375,1.02,3.95840674352314,0.987098537551999
1.78755954945091,0.272881520642841,1.786,2.54552371393014,0.649874208098698
4.74063155041968,0.644686129588538,2.35,6.74005362648929,1.63077781853225
26.3179135063919,3.77723321687481,12.22,42.7547833160183,9.32355433462645
12.941769630105,1.89747450810862,4.65,20.4702562802886,4.6569310857537
5.41274106634324,0.814401296756424,1.34,8.24668071567321,1.97499129979662
11.656975162127,1.68096265892905,4.964,18.3537480373574,4.1992267910098
1.27987893341948,0.178723109201304,0.986,1.83,0.475992002268191
1.40461276899255,0.210349839864436,0.4,2.04203522483337,0.528617069993955
0.186950402071348,0.0285669152308099,0.076,0.2376,0.0693066535076534
5.53122332345989,0.876620719820571,1.43,8.59387999493285,2.05335257587633
0.162722991102672,0.0232368217084571,0.138,0.200235186222395,0.0587154417659634
3.58608370636164,0.544616058302019,6.994,5.29592923173985,1.29678908941899
10.3346860464575,1.54662376814228,1.03,16.6,3.83250785523345
0.657833136834446,0.089481085407797,0.057,0.880854217909364,0.239662558063176
1.70739631219111,0.257083904286297,0.804,2.45,0.627389320419445
5.39270910371168,0.826290694642094,4.449,7.96759916080941,1.90845300691391
1.95393088649857,0.291286729992974,0.773,2.8,0.711829636531131
1.10315311381319,0.153855054493905,0.47,1.48476276548692,0.391011528381502
5.10825723711449,0.722539019930182,4.2606,7.5398223686155,1.81161160430542
18.6067224661681,2.65553183675055,5.53,30.7,6.83274918061102
3.23916709615145,0.461996346610346,1.64266666666667,4.83805268652828,1.19260358202482
4.90735217458917,0.747714473081761,2.99,7.4,1.78071771024346
0.258972569172405,0.0407993857081944,0.032,0.350956400565368,0.100675061109639
7.29101517008016,1.15536791044349,8.592,11.2311664466373,2.63672373755691
4.47360314487235,0.681204794473725,3.22,6.86729645589608,1.65917224397426
2.24798647971538,0.321168016876386,0.6312,3.25154839646544,0.820064258762629
0.121101208685143,0.016731003534508,0.02,0.141371669411541,0.0426881529662253
2.97716980814518,0.41951757294812,1.1046,4.33539786195391,1.07563249233218
4.29083628402718,0.637947273884572,0.76,6.6,1.60106434362417
9.19120746591178,1.33584321828668,6.596,15.2053,3.51231393880018
8.51678949358843,1.29679244542405,6.47,13.357507975515,3.10763634183357
5.73905849134095,0.865171572009433,0.79,8.8,2.10178903103069
34.3877624049049,5.1277621272232,14.16,59.4,12.7251866470442
1.66403992900352,0.25197829699532,1.889,2.4,0.614642505990441
0.56060336900077,0.0782921635434925,0.111833333333333,0.75398223686155,0.206592684714745
0.147504139729432,0.0195119292610429,0.074,0.188495559215388,0.0556335644337331
7.08435532415137,1.03341987962886,3.66,10.9955742875643,2.5883040999851
0.267217980749461,0.0348536508210915,0.03,0.3318315,0.0955075693479369
3.71403449083808,0.60677551435054,1.38,5.80583302491138,1.41722272118159
0.491562151108052,0.0726744712088789,0.537600000000001,0.628318530717959,0.173120770879918
0.229605962522798,0.0357280635070244,0.03,0.314159265358979,0.0906926758832317
0.523247046260262,0.0710904516151085,0.094,0.68,0.187457992004822
2.03037691515705,0.283478394629333,0.699,2.8,0.711912204373988
1.85733145774388,0.263663062975594,0.819,2.57134704932843,0.656711251243406
3.99563095075934,0.550935277400122,12.314,5.76921213368109,1.40502164204699
1.19439470977912,0.152597267706506,2.00106666666667,1.64933614313464,0.430968183739946
14.6527573884856,2.06370568783304,3.52,23.5619449019234,5.32472333567695
0.480403845751659,0.0683948473924851,0.1956,0.628318530717959,0.173606298248272
2.85891889940956,0.38456865858627,1.275,4.1,1.02018427100025
1.07014272163415,0.151951457547926,0.376,1.45467266725592,0.383647264005769
1.91317400056281,0.285504620576125,1.6626,2.82743338823081,0.717787718166397
1.87720609464179,0.273972744036843,1.504,2.72179897688299,0.692487764063201
8.97710425115022,1.34346765334067,1.7,14.1862875,3.2986681173913
2.4348575224514,0.385078059861205,1.41,3.52759438632949,0.88492459888747
2.63388181080739,0.382601511884933,0.77,3.76991118430775,0.942907411240985
7.36964255059351,1.06246963357735,2.6,11.6,2.7242987702182
1.62296837723645,0.239679570765252,3.76,2.37,0.606865419749236
4.97578240981603,0.676413471955104,3.68,6.9708,1.68249429331489
4.27480586839351,0.669824601642599,0.79,6.59734457253856,1.60037513340522
4.65898383779588,0.69846799354321,2.88,6.9708,1.68304118894916
1.74014074413054,0.241443002786668,1.67253333333334,2.40331837999619,0.615536829273954
3.34978063824992,0.497576595574152,2.65,5.12373620827863,1.25835141412388
6.21643189351922,0.847112458892357,1.366,9.787,2.3222353427336
0.637960248572613,0.0874989595885429,0.282,0.869641388917007,0.235943816649775
0.471173694963835,0.0652680543064919,0.188,0.634405473360313,0.175217590203654
0.206945982952757,0.0253958998781794,0.11,0.246232874408959,0.0715621140420925
1.87325123464489,0.260601216462883,0.56,2.835294,0.720574670114659
1.76711646627372,0.248390021871518,0.3945,2.53683606777376,0.648938394144347
2.71643858060401,0.433222603006377,1.329,4.2,1.04363771902114
2.08930832054179,0.279484569463948,0.692,3,0.759892286153682
1.0865793532211,0.153319473780678,0.16,1.53152641862502,0.403308875815486
0.312223695185564,0.0467759368222398,0.094,0.409690170652443,0.116064298933426
2.25169636579025,0.324313018129976,1.16,3.09438124850497,0.782012369641192
5.05664149123349,0.69740570757262,1.19633333333333,7.25707902979242,1.75036839943811
2.81969441628245,0.38648242715363,0.27,4,0.998378473799321
29.8395698622859,4.33127643758731,4.5,50.2656,10.9207511455138
5.03533205274199,0.647754006998789,5.13,7.99405509776127,1.91405012313623
0.369532302019971,0.0531381384009691,0.126,0.461946363988455,0.129906539875618
3.92123266170889,0.573273866435318,1.29,5.89048622548086,1.43686742181173
3.66665518030291,0.547997959907359,0.59,5.49778714378214,1.34740795388846
1.93852457564349,0.287965177263697,0.97,3,0.759601069625668
0.0609644388486644,0.00904332867135027,0.094,0.0723502785969608,0.0222660523290925
5.54386206476903,0.804444763937246,1.44,7.88780600816122,1.89341497998945
1.42788152803726,0.212699713310441,0.911,2.04,0.527555193269487
1.61602266154123,0.239596091855655,1.88,2.31963515452518,0.595162102190455
1.05244222886314,0.149050497872032,0.51,1.41,0.372315218302581
3.51004175625407,0.438447916455794,0.68,4.94800842940392,1.21944913106902
12.0671310002937,1.59127118363222,3.84,18.5,4.23358171337802
4.93008220365792,0.756133686998837,3.93,7.6128283010744,1.82838493152595
5.97006060519362,0.837786940758678,1.7095,8.24668071567321,1.97429223780136
14.7790282966549,2.33064665507206,7.31,26,5.83228060048868
1.34683183500844,0.195028911290795,1.414,1.96,0.507673127689726
1.78106238250457,0.287920093878721,0.32,2.52640474270671,0.646577150980922
1.39401773685444,0.179924527433011,1.58,1.95,0.505147923285676
0.550339468147375,0.0778443626570374,0.380233333333334,0.714712328691678,0.195795868704517
1.57558421679754,0.231655553088145,0.175,2.1382515,0.552707948550772
0.831644078264024,0.122198925776747,0.17,1.1,0.294971200886647
16.2985519733917,2.29626238528354,5.98,26,5.8359459766934
0.578294302038463,0.0878860922710385,0.08,0.75398223686155,0.206762015028198
5.42282472509079,0.784134630943191,0.75,8.042496,1.93031520385427
0.166399134521583,0.0242109081616823,0.038,0.204849650630368,0.0604335079189053
5.62551285331146,0.821479565313499,1.4991,8.29380460547706,1.98533894793264
13.4710628236907,1.91368925375796,2.69,22.0055454434798,4.99460898205661
7.1289690151117,1.0102982173135,1.125,11.0446875,2.60459445588447
0.300543662194332,0.0464522270344601,0.03,0.392699081698724,0.111981027965229
1.83453229460443,0.260509246944941,1.978,2.5,0.638800539136726
2.43217490964562,0.350463635811459,1.712,3.6,0.901888037449004
2.84185844704248,0.390290879978235,1.031,3.8013,0.950017401072797
1.03992006714822,0.152753377479776,0.96,1.41387457773894,0.372905675617424
13.1823635977234,2.03456435158193,8.67,21.7,4.91288628576541
2.82244920515747,0.41025631920349,1.44,3.978066,0.991350108767954
2.05803713304389,0.286996361564506,2.065,2.9,0.73501012520908
1.50897425291316,0.2136154085124,0.576,2.17798319797594,0.561561575581463
2.20238251668553,0.344254611931698,1.633,3.2,0.806909396884131
7.82602487341989,1.23194256401499,5.25,12.6,2.94201241512531
2.15334029425667,0.311153600448079,2.6826,3.07090681888402,0.775668206868983
22.066476977183,3.26810441907617,6.82,35.158735586035,7.76413185656467
3.55506137247006,0.537165086233874,0.9,5.5154715,1.35082262931012
0.681116697899315,0.114054124738219,0.5523,0.942477796076938,0.254245661200503
0.0704501606585967,0.00995276482926131,0.02,0.0816998477837604,0.0253610357910789
2.0467939350146,0.301985466125855,0.14,2.9,0.737274651443667
1.02661302651494,0.139690347270447,0.332999999999999,1.41371669411541,0.37349795226081
6.03456060442263,0.862065102303814,1.13,9.6,2.28092157272522
21.6329597445518,3.1632004987687,5.22,35.8,7.90644745531496
0.167453461990941,0.0230501478484248,0.01,0.2,0.0595212032902155
21.072746756857,3.1617175573795,4.55,37.1189598291627,8.18700047176396
2.34381288806445,0.347872827578123,2.986,3.5,0.87764653483313
0.683603025857841,0.100657622093688,0.28,0.942477796076938,0.254608104275916
1.1926757246969,0.177560383039356,0.564,1.65204455513857,0.432433482616795
35.6795601015094,5.22465031182169,7.65,60.1321875,12.9155649511431
1.40647502414402,0.200520963183301,0.55,1.94328202680578,0.504208171918647
3.26111818173207,0.391872836004959,2.24,4.71238898038469,1.1628935974639
19.7049825771372,3.12894908410055,12.27,33.2,7.33770332421284
1.18076247880641,0.167428309813926,1.757,1.48518790794219,0.390318835256147
23.5845140690822,2.98138177088646,10.59,40.1486570224972,8.78948518482764
19.9554490615886,2.72939986468788,5.26,31.7,7.04480837960727
0.451255567865583,0.0614256897349201,0.195,0.592438360165271,0.164204295730485
0.517907725348941,0.0811871203368114,0.15,0.689604164562745,0.189729239119928
23.0951492333494,3.35701781122672,9.05,38.1169758683778,8.37277645795225
26.8627568141282,3.61936414130808,9.59,44.2,9.63213155237404
0.918408987314584,0.136159349905685,1.82,1.27649314324671,0.33814017836842
0.918689209693198,0.145193775377589,0.282,1.28459347577091,0.341253672599252
5.11261789328514,0.76938842568144,1.17,7.8,1.87402483503636
0.264705363716135,0.0402178865269593,0.292,0.337758827611872,0.0962084023297352
8.8602583705757,1.20664430896299,2.16,12.5664,2.93956698909771
2.76450363994124,0.360187736974528,1.18543333333334,3.79347312920967,0.948021227544897
4.12170937586085,0.629967414619124,4.1,6.3,1.52889213292321
4.31584512218443,0.624716220964985,1.47,6.59734457253856,1.59909316074741
0.225749104558241,0.0315186440849982,0.106,0.2827,0.08160523217257
2.50945919889888,0.37475936183083,0.9731,3.6305115,0.909682720435288
0.845292634399433,0.121423169072441,0.295999999999999,1.09955742875643,0.294550618824982
1.95295071488878,0.27746728583975,1.19,2.91219772464111,0.73839731418109
14.2126873976261,1.95527997719449,5.63,23.8,5.36825271600824
0.379463370274268,0.0541511611120066,0.111833333333333,0.494800842940392,0.138694777753158
0.404002317997611,0.0545324503054082,0.188,0.531834735507674,0.148263195921742
1.6837849629475,0.246074549085096,0.35,2.38024879462776,0.611106794182494
2.34785886580601,0.347677650457341,2.435,3.4,0.854119389558315
14.4945385558942,2.04667274852332,2.27,22.9,5.18939941925004
13.0059045152351,1.90848914805729,4.42,20.8,4.72856111286303
2.67827701034443,0.346139757094453,1.72,3.92699081698724,0.979122111421663
1.47958289013671,0.219770905527503,0.47,2,0.518216723152349
5.52540717686039,0.721616060443137,1.19,8.6,2.0552982690554
0.153017126210084,0.0246230590754883,0.01,0.187650679776687,0.0560455200434587
0.921043114737722,0.130495211812914,0.23,1.25,0.332675383003651
0.57810381279305,0.0823887990007404,0.188,0.749860950861421,0.205263019358738
5.02396326768917,0.739213492219357,1.33,8,1.91909158493488
2.43638574136322,0.327077272823883,0.978,3.45575191894877,0.868234501235234
1.41259547768721,0.194193246609184,0.47,1.98007825211773,0.513335889975754
0.304708522188404,0.0458119590238227,0.05,0.392699081698724,0.111765604212429
1.74395519290171,0.235005466068254,1.159,2.4,0.615005953839158
11.8624001269882,1.66088707899241,3.57,19.6,4.4723705722791
0.313629232798737,0.0415186914330795,0.08,0.377632291982261,0.107510048027109
12.6595855825286,1.90801110154547,4.75,20.4623946057843,4.65497420379194
6.23263836864919,0.905596697608837,1.04,9.6,2.28122353845725
6.61814376801633,0.969548321643787,2.79,9.7,2.30005995817895
1.41784162974689,0.222725733309082,0.23,2,0.518702312645459
0.376870258772854,0.055745894079481,0.02,0.5,0.140854125620936
4.1433290197844,0.566744811133675,0.61,6.2,1.50955826515216
0.790640248883397,0.11594867819611,0.746666666666668,1.12311937365835,0.300000573073952
20.6375970420147,2.87437891484779,12.88,33.18315,7.33287475490807
9.9444907421667,1.36656849808805,3.67,15.4627722791512,3.57310472559274
0.770075021561953,0.111855432383546,0.2,1.03672557568463,0.278818034613281
1.73194878377518,0.263394121698317,1.32,2.51046893633121,0.641638963827791
4.29980617964883,0.63184188714249,2.6,6.605214,1.59971802882259
3.80319595088708,0.576802815769794,2.72,5.78545,1.41135107820875
2.14306107152414,0.305508776245767,0.95,2.8,0.711660488594733
6.70192001888715,0.971003332229255,1.578,10.178784,2.40952958955562
1.8752502215494,0.245361305749096,0.62,2.6,0.663844251538606
16.7450762745868,2.1888480648965,3.55,26.9045901610889,6.03813758889011
1.02167773577641,0.149929693304129,0.22,1.37196697568624,0.36330547776822
31.9478002073716,4.87923336664602,8.69,53.5,11.5508408370964
6.50032969869914,0.943044124007207,5.25,9.98945805677976,2.36245564231026
29.5216467261193,4.49346875451924,2.63,50.3,10.9556414857242
0.290251258324816,0.0398358962630567,0.07,0.376991118430775,0.107392614233313
6.50534158959911,0.915058152013433,1.74,9.43308331616277,2.24184766982577
6.80202422593737,1.0692326138894,7.6,11.0406214685642,2.59501359496775
10.1660960716853,1.51317933527753,6.71,15.9,3.66367485018649
2.33724243100026,0.343063237544206,2.6406,3.29867228626928,0.829962539566804
1.86682569360972,0.254897642928724,0.56,2.48023618738243,0.634981046251906
13.760462955723,1.90589550081823,3.05,21.4046752539833,4.8635687924684
2.1395619048821,0.302891346053189,0.394666666666666,3.1101767270539,0.786741169571173
10.4606877525078,1.60156944620644,4.84,16.9352638598374,3.89176872575787
1.42368026242829,0.179940645923564,0.308333333333332,1.97920337176157,0.51340652088196
2.5617243935122,0.33085983093184,2.783,3.7,0.925048935737392
0.259109663287541,0.0365103790743319,0.1956,0.329867228626928,0.0942281242679285
18.9708813694064,2.70345471734968,2.82,30.6796875,6.84451187446402
2.73228774432561,0.375850828970237,0.23,4,0.998557104228256
2.6017679270298,0.349622356182135,1.589,3.82719294822044,0.955672289092274
2.20618314562265,0.303335652211734,2.832,3.12911350514114,0.789512380830518
10.8889772958438,1.59121969367294,4.81,17.7,4.05788460757436
1.70877109274237,0.2506013616033,0.547,2.45,0.627679594568615
0.161544766674067,0.0227212892134964,0.04,0.2,0.0590593358341852
5.91995799412123,0.766903590285991,5.73440000000001,8.48230016469244,2.02396898666786
1.96691967332299,0.265865242943074,0.517999999999999,2.82743338823081,0.718750841760586
3.98824806365565,0.572276523684994,3.831,5.78553086098898,1.41078057820877
6.24760577637352,0.851908684445334,0.225,9.6,2.28680046150346
0.271405859785022,0.0438315778595866,0.061,0.342449997170553,0.0981071079600911
2.87606040494002,0.41592982714555,12.71,4.2,1.04099904079058
0.460876350403992,0.0598489195346342,0.16,0.607614908162487,0.168279913641711
0.226439636024186,0.0315542568449222,0.036,0.28,0.0812710770211613
1.72558996830943,0.243822242289027,0.52,2.4,0.615602742091798
14.3942055113237,2.22932001443783,3.66,23.5619449019234,5.32411490938043
1.73162037839975,0.205499049278135,0.48,2.26194671058465,0.582136275412952
9.98898324748899,1.37563466131695,1.67,15.707963267949,3.63303782745769
1.99008154830561,0.298039542999099,1.05123333333334,2.96880505764235,0.75206408419004
7.37064695196642,1.07783241818292,5.952,11.4639305509092,2.69006981456239
17.3807719859886,2.31296241579278,2.52,28.2744,6.33648426772141
2.67591317036503,0.374579952141779,0.288,3.81195204986819,0.953886264258419
6.0844515340593,0.834482230831279,5.93,9.57877872154287,2.27014764851906
13.3231866611684,1.90230708947217,0.6312,20.8307715,4.76009494302492
15.1779689735981,2.10411678547466,2.66,23.5619449019234,5.32909543035463
23.4624162377936,3.58053799448274,6.03,39.1268853357738,8.59705251937768
6.22200304562009,0.884766329173707,2.57,9.6,2.27793419961005
2.37188231297384,0.341609975045762,1.73,3.5,0.878180258466081
0.739233704473877,0.113133318306752,0.7172,1.02101761241668,0.274126205344239
0.818636531338672,0.125579651754257,0.188,1.1508725891431,0.307791935116004
1.95422047545677,0.301715048490128,0.6049,2.82743338823081,0.718622681538331
0.23170738409522,0.0327757501194518,0.04,0.3,0.0867124141765004
0.04124610064026,0.00611888506459738,0.026,0.0491,0.0155612222873479
2.51339948789763,0.376543001866084,1.731,3.8,0.949162858523392
8.7832261269394,1.31446576658107,2.6,13.5143423523454,3.14784758422893
0.101376222360661,0.0144249587700334,0.0493333333333333,0.117809724509617,0.0356699873629892
0.142069757078679,0.0218863404904669,0.059,0.173823060534602,0.051579026179484
0.670816346846814,0.108339903473597,0.29,0.964619941469139,0.260245526509162
9.62115062053615,1.29660751893275,3.47,14.1371669411541,3.2830089046151
4.64817293271262,0.65554790868664,1.8788,6.87223392972767,1.66147735058043
0.237989209231217,0.0347749913294719,0.019,0.297747455170348,0.0863831038545379
14.8659720331432,2.25059328487501,2.25,23.75835,5.37385926769483
0.760861814710596,0.107658479811237,0.1,1,0.269845911015012
2.04059765892718,0.261204655293063,0.776,2.88,0.731035304681345
21.2397085012237,2.94187234247536,4.5,35.7847875,7.90777041435728
0.110062210166836,0.0162390413251397,0.082,0.13411987054354,0.0402132894110062
1.38746910241277,0.197751677992854,1.778,2.05,0.529541705103253
1.19615152466174,0.176287217990553,0.22725,1.69646003293849,0.443997451866953
0.216520289493773,0.0299293740757176,0.04,0.251327412287183,0.0733333899375474
0.113909082856575,0.0175450864160875,0.02,0.141371669411541,0.0426881529662253
6.8160235185198,1.05074879207303,3.04,10.5074539328036,2.48033017462355
6.41336842298459,0.924924481124002,7.13,9.7834095186147,2.31524508497549
5.41563355104887,0.712555685462118,6.5,8.18695358749629,1.95698129258922
4.55633164474489,0.689704699582407,1.38,7.1,1.71419222681534
2.27182916196085,0.276732276535464,0.61,3.2,0.807802275761388
21.9465159505939,3.25117092673214,4.86,36.9,8.13904828449949
0.923873077891877,0.134360777701798,0.614,1.23,0.327078728770799
2.12246891893642,0.32075303038309,1.40373333333333,2.9845130209103,0.755576619092109
4.18239902982921,0.55329723517254,0.576,5.96131915402541,1.45464204863599
0.408962871286295,0.0607342699746863,0.11,0.527163146546675,0.147274627901147
5.21498313611735,0.640325589054905,1.01,7.4219725004077,1.78837129826867
35.1104351652771,4.81214708327759,3.3,56.74515,12.2753709794251
21.185281255306,2.93429682708001,9.73,32.3084121382921,7.15706855013879
2.73858777336029,0.396783290025044,0.94,3.92202978480801,0.9786116385109
2.66318030608085,0.356894766526442,0.776999999999998,3.76991118430775,0.942897917430593
2.71015519962069,0.403728916784318,1.01,3.98035267897477,0.992281164219442
25.8378570000935,4.01255899015315,14.44,44.2,9.6148900399794
4.15980811269006,0.623722760601682,1,6.157536,1.4988510721928
17.2158825657544,2.38509714933851,4.925,28.2744,6.32246394020542
0.369112830318094,0.0622136966573203,0.2688,0.494800842940392,0.138300218088339
0.274450726345882,0.0433084908061378,0.083,0.3848,0.109426175747357
0.467589277492867,0.0696623491085799,0.15,0.64,0.176789423833841
0.180617216436897,0.0274329561922824,0.082,0.228135443033679,0.0666567058134672
0.668590036923536,0.0896615393512205,0.188,0.876719222554721,0.237973516221242
9.00241116740604,1.21627319119431,6.16,13.4714120340741,3.13298023421806
0.308630117749074,0.04489739723532,0.03,0.4,0.113946432730287
3.95568563479906,0.587025217132039,3.52,5.80163152117203,1.41463577598145
5.0037374991504,0.785889327353527,1.48975,7.77544181763474,1.86780936399027
3.7325927916608,0.570478807944632,0.38,5.7,1.39496906995845
27.9473946624388,3.78847218959628,8.11,46.5267099853694,10.1200149403686
4.18786825545025,0.634298013849465,6.016,6.34842535426899,1.53924405047196
1.0571556768347,0.158108783973577,0.944,1.48,0.389403115333357
4.48882520546989,0.672490593092434,1.2,7.1,1.71451290243497
2.56203851325221,0.374862260732397,1.43,3.70407055705357,0.926696908328899
0.669732713758785,0.0866004853902782,0.17,0.879307368920903,0.238690766537089
7.16470359013213,1.00346088100442,3.3,11.0446875,2.59970232276781
3.32052458532873,0.474744312929509,0.81,4.9,1.20801654271799
3.31841075996799,0.504228720519642,1.38,4.9,1.2072735339851
7.32069642410274,1.10324653784596,1.125,11.3,2.66156332386602
2.64822358404569,0.361219086703613,0.04,3.8,0.95315061727402
0.737671861723974,0.102298653547327,0.612,1,0.268863476112055
6.86904884346713,1.01438204604498,1.94866666666666,11.1447999386098,2.62440556348103
15.1396803434704,2.14961370419106,3.4,23.8,5.37624455487854
23.4811534530265,3.50233707842622,6.96,38.5,8.4614266322741
13.465572558352,1.86374941372085,15.12,22.0779737057077,4.98599196318306
1.83352899855147,0.244975186631088,0.514433333333334,2.53683606777376,0.64873403074665
4.83130278963809,0.660920220895311,5.14,7.1,1.71117804117237
4.68894361711701,0.703796241995044,0.32,7.3,1.76331151462489
0.018219210299347,0.00265477474910728,0.027,0.0206729889650372,0.00677058229573995
13.6829886677475,2.13080247391498,2.02,21.5984494934298,4.91086840694254
2.50368441753213,0.375366837067866,18.925,3.7,0.923078532508782
0.983730511897801,0.133633208743551,0.535,1.30352895857475,0.345634781409122
20.8866710017232,2.94837159740233,3.7346,33.253758238248,7.38110033452841
10.5439563467297,1.51552111839087,2.56,17.7,4.06406105071456
8.4155327655369,1.1256177811402,5.92,13.000228,3.02955552972596
2.43144425910145,0.370498976523198,1.786,3.57223376269379,0.895269672048391
40.4933992922197,5.34771817809652,15.9,68.1567667413521,14.4898453409
2.01402968366842,0.302681700939952,0.42,2.9,0.736349390895804
0.306504037539695,0.0432278217787972,0.094,0.377627061520019,0.107441674519424
0.0709169906451684,0.00961576513414379,0.015,0.0833116443982413,0.0259020078553984
0.170479590795504,0.023512224701574,0.045,0.2,0.0590202599992299
0.193584337847271,0.0281820267972062,0.03,0.24,0.0703015653040825
3.19747569446528,0.42715937255724,2.29,4.63382612843171,1.14453490877795
1.59061857915461,0.241850459131249,0.308,2.3,0.591711491311826
1.14705109359805,0.16072490996709,0.66,1.6,0.419440837417381
2.43325177222836,0.358260653896997,0.895,3.6,0.902539141424593
1.91105223744402,0.293229044225778,0.27,2.8,0.712693182822349
4.82776149037386,0.698128847461051,3.135,7.32131598611485,1.76270561382155
3.95086186931635,0.54571470398007,1.65,5.9,1.43862605779157
4.70330988518736,0.608614739311431,0.47,7.5,1.80805386444769
6.72112520659145,0.898361771212527,1.47,10.4457955731861,2.46958680381529
14.0936792945084,1.88527750204778,3.55,21.6,4.90355715720477
1.20683602852851,0.16559370949016,0.15,1.6513035,0.43308319853458
10.1857135281008,1.40152147740165,4.93,15.8150343505005,3.64767370007498
1.29659394603753,0.175818108987576,1.2,1.76246793715186,0.459232151887543
1.7177554389238,0.261278554320554,0.48,2.43911659015563,0.625142069609392
10.0721835713201,1.37187561348527,4.59,15.6,3.60131947101684
1.91111384995762,0.286941350633537,0.182,2.8,0.713017257108013
8.86773028347398,1.33895670244313,10.96,14.3940054192485,3.33138384619461
33.0804332171831,4.95212919306664,10.59,54.1,11.6624355212286
11.8406753185446,1.70727466380312,3.77,19.1065867779278,4.36508347058864
2.0155180765948,0.295597544605859,0.608,2.9104,0.738532642641279
3.18875915315011,0.442900419066502,0.67,4.7,1.16160584684012
1.90301811593584,0.275941762057912,1.807,2.7,0.687096123275681
11.1203726222932,1.6495749613839,3.96,17.7,4.05978791492838
34.388327806783,4.93963922330537,7.62,56.7,12.2141530751675
28.7323117168485,4.35685477947595,11.58,49,10.6123126484067
3.49375879566234,0.465505206027693,1.23016666666667,5.27787565803085,1.29526622988208
0.898361611605206,0.140671256668551,0.912,1.22230996294576,0.324916874725866
0.386328379671902,0.0557152157207763,0.0986666666666664,0.494800842940392,0.138751227479895
8.76457049991356,1.32969197731493,3.96,13.690012875,3.18384704702929
7.94052608820538,1.21190941166132,4.72,11.945934,2.79801298483817
4.23966367544831,0.634093930245366,2.29,6.5,1.57588276150293
1.05896662532437,0.154975778942597,0.12,1.41371669411541,0.374107903914843
0.737810415314652,0.105486960312551,0.672,1,0.26881285285989
0.621398204985194,0.091420494068857,0.14,0.824457785272776,0.224685219777403
3.86609533035635,0.549653902630505,2.004,5.81642816713371,1.41902055434711
2.08010943072622,0.310307375210445,2.2092,2.96880505764235,0.751429097449061
0.35094175156519,0.0468495421439167,0.04,0.471238898038469,0.132890899171259
1.52478761002931,0.233185079732479,0.301,2.2,0.567387817225367
3.47576966907546,0.558845921102282,1.0783,5.19540885087412,1.27632515138079
0.0452922840971044,0.00725950496106721,0.01,0.0529737559161394,0.016905789664205
2.98763140717914,0.419912363714983,0.225,4.5,1.11620314234251
0.654488173980488,0.101745187438486,0.453,0.870179651354938,0.235834227256768
18.4473394123845,2.41798811485913,9.44,29.4532,6.55754502165006
0.218710999155099,0.0307356637990039,0.112,0.2827,0.0815845246683192
1.07638732426645,0.157887116220714,0.21,1.4313915,0.378188014178682
1.62358401663264,0.231410676221963,0.628999999999998,2.38761041672824,0.612457250324878
2.62842968222205,0.372606742745171,1.48,3.7,0.925698950948994
7.00137268734435,1.11518763576114,1.62,11,2.59296852251843
2.9920067548215,0.418147560148262,2.92,4.31633898533728,1.06999152468646
0.143975356895674,0.0193227595104492,0.2367,0.176714586764426,0.0519582063989891
2.84477745937032,0.44769628713417,3.591,4.3,1.06591552650033
1.10062305567955,0.159835774640959,0.235,1.50744252018542,0.397080296627308
0.896778961793913,0.134173244209273,0.44,1.26474328892061,0.336008678854205
0.650098247674473,0.0992674468612904,0.237,0.86,0.233557899276162
0.258178897653911,0.0333673716930645,0.098,0.33,0.0945381340580282
3.00753933174606,0.417212640465593,6.35,4.30578016627138,1.06658534308659
1.27322936049597,0.189044841169234,1.498,1.8,0.468335918317091
0.748440722837448,0.112822061644865,0.15,1.03778880129615,0.279246035692695
6.29390700745223,0.94402365831004,9.59,9.8,2.31784253718867
35.8389204563063,5.68690583070674,9.4,63.6174,13.6111262598165
4.35143352198252,0.630728936339968,1.86,6.33353664907395,1.53811880645599
2.10474563775556,0.261954828741906,3.822,3.02616151718249,0.764671826480641
0.66224322152566,0.102066519434039,0.225,0.9503,0.25672420080546
16.5721839466104,2.35756576100907,2.4,28.2744,6.3375063578597
17.028434747782,2.49624564014131,14.84,28.3,6.30484446017051
2.9222675831899,0.417837722075176,1.385,4.3,1.06705827351118
9.97367430758407,1.40247686278692,3.72,15.2,3.51552560035675
1.05414901884387,0.166575064566444,0.92,1.48094844850926,0.389654871114811
3.5645763185508,0.510058782113294,1.08,5.32897202444421,1.30731775470561
15.8218757869803,2.11204228052323,8.07,26,5.83047615721272
2.71904054219236,0.34336324597947,0.52,4,0.997648647134018
17.373529835311,2.490526937142,5.52,28.3,6.32550248318736
2.00803331503249,0.292393058848499,1.034,2.8856883679141,0.732159480857085
5.53012110451997,0.851368140456272,8.1,8.7,2.07192809697912
1.62563039720273,0.228195208622946,0.11,2.35619449019234,0.606123476184883
5.45286552624448,0.813636956892557,2.07,8.14465682702308,1.95064950270849
16.3523470425211,2.521521525953,3.35,28.2743338823081,6.33050938856812
1.08906319555083,0.170541214359375,0.263,1.56,0.410082025008935
2.31604622585135,0.312389378875729,2.995,3.3,0.830161330290125
9.41574117255679,1.44068855926599,3.81,14.8001964794884,3.42780930541141
0.0689998232024265,0.00923452284339445,0.02,0.0785398163397448,0.0244266582147257
0.615718356509952,0.0874867894807895,0.18,0.848230016469244,0.23067513068958
5.29394989054308,0.709591966868519,0.863333333333331,7.79114978090269,1.87281449295857
1.7688186252621,0.237977579746768,0.303,2.54469004940773,0.65104051304793
1.10657537217206,0.16236949509841,0.32,1.58136402036727,0.415266327912507
8.97242695724227,1.24975355825889,4.07,14.2,3.29572147626095
0.592479071850679,0.0886995237378221,0.282,0.782352723936376,0.213462671378418
2.6371651030042,0.39015895742529,1.073,3.8,0.949668122626675
27.5994771728893,4.38495155755745,14.9,47.2,10.2305710253801
0.901823274603833,0.118660911662121,0.659,1.2272,0.326333491846087
1.35447459211273,0.204990687742945,0.229,1.92,0.499079800898684
15.074145397743,2.1986536593439,2.98,25.1,5.65649963349321
3.88033174597053,0.574747697382657,0.32,5.9,1.44152789467834
6.72277086750861,0.930825060921487,1.15,10.2,2.41554801613909
8.2507849818166,1.15205199049636,2.83,12.6,2.94548485925026
2.60510257345821,0.402768417744012,1.239,3.9,0.973116018055589
3.50995843821978,0.548973773694516,2.5,5.5,1.3455943129243
1.10476835947753,0.162571421870971,0.747,1.49,0.392034721435
5.89231466531971,0.853687282268375,6.25,9.3,2.20750333178704
0.60637200535301,0.089219615231584,0.07,0.785398163397448,0.214960446005281
1.59135683309196,0.243569067456161,0.643,2.4053,0.616729245717194
2.25258881255333,0.295164471755968,0.36,3.3,0.832131664882091
4.14146573404989,0.597811810915688,1.63,6.0745161770148,1.47883817739823
8.90673484607357,1.31358042900143,2.03,14.2,3.30047432456753
32.4373598514698,4.90056727812512,16.67,54.4978380738403,11.7174500364635
2.51763428086153,0.360264493591192,6.73,3.8,0.947729719785988
21.7785556011066,3.10292493013999,8.44,35.8,7.89185345411869
1.43134368648477,0.21017932617021,0.281,2,0.518566184565927
0.691997293185913,0.0966378902184481,0.336,0.902557752104668,0.244294968519152
6.23712530535264,0.896716337124396,2.67,9.84889149306111,2.33359139634717
3.19890284773668,0.486577478593217,3.42,4.95863714742336,1.21964115363726
3.95122092472692,0.560805058810321,9.15,5.76839086736914,1.40534088498403
1.47456900174478,0.186735619277687,1.92,2.03330848428533,0.525409097202199
17.9578333485197,2.42832700452562,4.91,28.3,6.32795313047653
1.65594553988438,0.245044550171158,0.84,2.4052875,0.616526952058418
4.12067424211187,0.580300427822886,0.432,5.86073731725428,1.43192464494083
0.893905775294609,0.120250033161608,0.144,1.17223768617354,0.313341068032451
1.65589214522976,0.218501463711534,0.604,2.31,0.593650949226334
0.884085411460374,0.126283929773759,0.06,1.2271875,0.327703969881876
0.238118261120131,0.0346446508536418,0.149333333333333,0.302378292908018,0.0868546565605234
1.92844806192593,0.259448100220193,1.51,2.9,0.735273156157356
0.303963429765353,0.0461596943621232,0.02,0.384352094065866,0.109901522956412
3.21440228852937,0.481647286128688,1.32,4.8582764432283,1.19761638654336
0.27825185677184,0.038547242687526,0.212,0.355833290074266,0.101226366871286
0.737160001866278,0.107477023364644,0.188,1.00219753779923,0.270063098320645
0.901063034413237,0.132132433529855,0.23,1.2,0.320081478489484
