"Sc","Low","High","Kgp","Fitted"
2.35619449019234,4.16752010541226,26.3401608432981,2.04700706595,14.622135877755
1.25560709483776,2.58376005270613,12.0863203689429,5.72,7.28530317438853
11.0474280063749,16.8376005270613,143.538404743552,134.6,80.8642576860545
8.01947861678975,12.0863203689429,100.776883320486,275.1,56.7255021574572
0.628318530717959,0.707070707070707,5.75128015811839,0.6895435008,3.38570720978381
3.97411470679109,5.75128015811839,45.3452814757716,2.873141491374,26.0793126160636
10.2669777618452,16.8376005270613,134.035844427315,32.71,74.5655996430845
14.4997319255512,23.1726407378858,194.218726430148,219.6,109.263021374837
3.07090681888402,4.16752010541226,34.2589611068287,6.4827927857,19.6046447912098
6.80864189277905,10.5025603162368,83.3555227407188,177.2,47.3257862449051
46.6384814469068,81.7717626880126,718.443303875877,264.86,398.168738836972
13.3891177842336,21.5888806851797,179.964885955793,44.11,100.038606997398
6.50737588057049,10.5025603162368,80.1880026353065,55.4,45.0135555850732
2.69412,4.16752010541226,29.5076809487103,12.0047893851,16.9603725841112
3.33760334136388,5.75128015811839,37.426481212241,16,21.4976654228333
3.15498570372191,5.75128015811839,35.8427211595349,26.76,20.1996136110423
21.5597049071007,35.8427211595349,305.081930119577,49.13,169.497359937043
4.21627367151609,5.75128015811839,48.5128015811839,15.99,27.8438388562633
3.9438081173001,5.75128015811839,45.3452814757716,19.83,25.8592730736775
13.0245328968838,20.0051206324736,173.629845744968,41.83,97.0279434275933
1.94349534512827,2.58376005270613,20.0051206324736,9.93,11.8153968583411
13.1386415209822,21.5888806851797,175.213605797674,140.15,97.9692717167948
4.90873852123405,7.33504021082452,58.0153618974207,9.70374219276,32.9477774863487
5.47676979631323,8.91880026353065,65.9341621609513,45.3,37.1930246743697
6.66338170134786,10.5025603162368,81.7717626880126,33.4,46.2095122320649
1.50806097553669,2.58376005270613,15.2538404743552,6.9,8.92305561213711
12.1145960292353,20.0051206324736,159.376005270613,273.86,89.5536122983177
11.6534599435494,18.4213605797674,153.040965059789,198.9,85.7883576695436
1.41371669411541,2.58376005270613,13.670080421649,6.404379110745,8.30729235401173
0.847706448427342,0.97979797979798,7.33504021082452,4.98,4.71640807694778
12.3187355404316,20.0051206324736,164.127285428731,31.37,91.2253777737942
57.4125855593495,103.944403425898,908.494510200613,152.5,501.156806558264
1.83146630316035,2.58376005270613,18.4213605797674,8.77,11.0639164713268
3.96549742668342,5.75128015811839,45.3452814757716,24.26,26.0167289644772
3.08754569888708,4.16752010541226,34.2589611068287,5.56,19.7222501745344
14.3759516068051,23.1726407378858,194.218726430148,47.75,108.231088345666
24.9287121549419,42.1777613703594,358.929771911585,48.65,199.047649362195
5.335488,8.91880026353065,64.3504021082452,62.39530635616,36.1325386506893
2.835294,4.16752010541226,31.0914410014165,19.199563439012,17.9467747493036
19.6884038940857,32.6752010541226,274.99048911816,61.1,153.291348300037
6.09639508638424,8.91880026353065,73.852962424482,107.58,41.8777579886772
29.6984174672105,50.09656163389,434.95025444148,121.59,241.609507078174
7.76981719293575,12.0863203689429,97.6093632150739,61.8,54.7741337367944
4.25588213098292,7.33504021082452,50.09656163389,11.5,28.1335004032461
2.76629765963755,4.16752010541226,31.0914410014165,21.33,17.464015533126
2.84503750817752,4.16752010541226,31.0914410014165,23.66,18.0150508319266
25.073282124326,42.1777613703594,360.513531964292,124.8,200.325720071825
11.8473069767553,18.4213605797674,156.208485165201,47.63,87.3692480888435
5.8082582941149,8.91880026353065,70.6854423190697,245.4,39.692611339551
38.8181092508762,67.5179222136575,586.991219501268,88.12,324.968171875288
4.97087915220543,7.33504021082452,59.5991219501268,15.17,33.4097431220728
0.812887099116359,0.929292929292929,7.33504021082452,0.952806250704,4.50246121366074
60.5111999652808,108.695683584017,954.42355172909,626.57,531.179532804998
32.7174143169032,56.4316018447146,484.04681607537,168.5,268.937827137822
11.945934,18.4213605797674,157.792245217907,68.911390215177,88.1746502489178
9.78937298533103,15.2538404743552,126.117044163784,30.8,70.7359950510935
5.35220481407267,8.91880026353065,64.3504021082452,9.83,36.2578630828311
4.47654258136622,7.33504021082452,53.2640817393023,34.2,29.7524268765234
2.49996531447736,4.16752010541226,27.9239208960042,19.6,15.6128404068321
2.12697127758583,4.16752010541226,23.1726407378858,11.66,13.0560639471756
1.78942462479031,2.58376005270613,18.4213605797674,26.3,10.7831542223446
6.9708,10.5025603162368,86.523042846131,28.16703168403,48.5749219697624
28.2744,48.5128015811839,412.777613703594,24.4512406098803,228.820077904504
3.00495709478695,4.16752010541226,34.2589611068287,14.14,19.1391778276703
0.392699081698724,0.424242424242424,2.58376005270613,0.927249785,2.01243103438755
5.5154715,8.91880026353065,65.9341621609513,7.56206550802139,37.4840400629026
3.65156812552967,5.75128015811839,42.1777613703594,110.7,23.7469350165843
33.18315,56.4316018447146,491.9656163389,191.968101126814,273.178418883208
3.00495709478695,4.16752010541226,34.2589611068287,12.64,19.1391778276703
7.26644386915473,12.0863203689429,89.6905629515433,136.13,50.8602805532585
3.54206267466724,5.75128015811839,40.5940013176533,18.16,22.959986048839
0.376991118430775,0.404040404040404,2.58376005270613,0.483455588,1.92352607388555
20.0302549530026,32.6752010541226,279.741769276279,113.31,156.240043820528
1.42942465738336,2.58376005270613,13.670080421649,8.06054755506,8.40951782745015
4.59325788559698,7.33504021082452,54.8478417920084,23.3,30.6122173154157
7.0527197104644,10.5025603162368,88.1068028988372,53.3,49.207151531741
13.6154618849965,21.5888806851797,183.132406061205,46.88,101.912135097377
0.783553315109649,0.898989898989899,7.33504021082452,2.9,4.32297712754127
47.381721019632,83.3555227407188,731.113384297526,203.56,405.197919392961
15.2747866751183,24.756400790592,205.305046799091,662.3,115.7456339007
6.53830869034767,10.5025603162368,80.1880026353065,99.99,45.250448568908
3.91426478990672,5.75128015811839,45.3452814757716,60.11,25.6449489713088
14.990214998009,24.756400790592,203.721286746385,31.88,113.361275338118
14.1862875,23.1726407378858,191.051206324736,129.121424592564,106.651738073677
6.59874254542341,10.5025603162368,81.7717626880126,54.07,45.7136147663325
5.28382638717092,8.91880026353065,62.7666420555391,17.9,35.7455018785568
2.47708516203665,4.16752010541226,26.3401608432981,31.78,15.4547595891909
23.5189985467557,39.0102412649471,335.173371120993,90.82,186.627218350435
1.77851122599187,2.58376005270613,18.4213605797674,34.96,10.7103869750412
15.4648423770481,24.756400790592,210.056326957209,77.54,117.340716459497
4.90873852123405,7.33504021082452,58.0153618974207,5.345680057564,32.9477774863487
14.7110688877227,23.1726407378858,198.970006588266,44.3,111.027069964998
3.01433764489561,4.16752010541226,34.2589611068287,16.14,19.2053188570422
10.4413374393672,16.8376005270613,135.619604480021,159.35,75.9684750001844
37.4502861120852,64.3504021082452,563.234818710676,165.83,312.318051029215
12.8853749045155,20.0051206324736,172.046085692262,30.52,95.8811653801912
47.6719350509061,84.9392827934249,737.448424508351,165.05,407.945825509715
5.9395875,8.91880026353065,72.2692023717759,11.035455500382,40.6871716569161
11.7456599101969,18.4213605797674,153.040965059789,334.6,86.5399331544698
2.82743338823081,4.16752010541226,31.0914410014165,9.21516726284,17.8917110264352
0.901095071701064,2.58376005270613,8.91880026353065,20.8,5.04626991864605
3.90426550284224,5.75128015811839,45.3452814757716,7.7,25.5724475287921
12.014577097192,18.4213605797674,159.376005270613,65,88.7356192445075
2.5334161819294,4.16752010541226,27.9239208960042,20.16,15.844233133447
12.2860910420409,20.0051206324736,162.543525376025,34.96,90.9578411180226
2.25312412607655,4.16752010541226,24.756400790592,11.44,13.9158359219452
4.15854542210385,5.75128015811839,48.5128015811839,6.34,27.4221861199527
1.97885432993418,2.58376005270613,21.5888806851797,13.66,12.0535572354925
1.75929188601028,2.58376005270613,18.4213605797674,2.8983325602,10.5823543308842
6.44786614013689,10.5025603162368,78.6042425826004,36.3,44.558150398213
13.7359211383575,21.5888806851797,184.716166113911,69.46,102.910578954075
0.549778714378214,0.606060606060606,4.16752010541226,0.7163245936,2.92052902161645
5.76492795635891,8.91880026353065,70.6854423190697,41.68,39.3649934438444
17.672123474645,29.5076809487103,241.731528011332,407.8,136.013712908382
9.94391038721708,15.2538404743552,127.70080421649,81.4,71.9729926886605
5.27787565803085,8.91880026353065,62.7666420555391,10.34128655868,35.7009462891065
1.48399131683412,2.58376005270613,15.2538404743552,40.6,8.76555665040019
28.2744,46.9290415284778,409.610093598182,327.50714763178,228.820077904504
15.7497720496456,24.756400790592,214.807607115328,51,119.735967971914
60.5111999652808,108.695683584017,954.42355172909,746.96,531.179532804998
12.3490257244301,20.0051206324736,164.127285428731,119.86,91.4736875051927
15.0092715960332,24.756400790592,203.721286746385,22.88,113.52079602286
1.75929188601028,2.58376005270613,18.4213605797674,2.9405521299,10.5823543308842
31.579127204987,53.2640817393023,466.625455495602,118.03,258.600849273049
15.4650566666033,24.756400790592,210.056326957209,38.67,117.342516116959
7.82216480764602,12.0863203689429,99.1931232677801,30.39,55.1827379776719
9.42477796076938,15.2538404743552,121.365764005666,41.97970486171,67.8259017399207
14.1862875,23.1726407378858,191.051206324736,19.6483099376114,106.651738073677
23.3426206311694,39.0102412649471,333.589611068287,48.49,185.078718241618
4.07856772512986,5.75128015811839,46.9290415284778,9.75,26.8390555531338
3.22356055227119,5.75128015811839,35.8427211595349,7.74,20.6861289759077
6.29343383571323,10.5025603162368,77.0204825298943,20.5,43.3784423368817
8.78667132170238,13.670080421649,111.863203689429,69.8,62.761868629041
3.6305115,5.75128015811839,42.1777613703594,40.7904555401706,23.5954156365383
3.85263059010026,5.75128015811839,45.3452814757716,6.5,25.1983769644909
1.11351731792849,2.58376005270613,10.5025603162368,5.34,6.3784969810539
2.74494139749545,4.16752010541226,29.5076809487103,96.7,17.3148473597184
5.77146725368167,8.91880026353065,69.1016822663636,129.8,39.4144198437827
9.58410153182835,15.2538404743552,122.949524058372,150,69.0961243275928
2.13183657378338,4.16752010541226,23.1726407378858,14.91,13.08912359684
43.3745093129399,75.4367224771881,663.011702031162,153.66,367.443684696364
2.38761041672824,4.16752010541226,26.3401608432981,17.918791495605,14.8380807262876
3.45575191894877,5.75128015811839,39.0102412649471,7.18218211326,22.3415486649079
6.605214,10.5025603162368,81.7717626880126,113.256189521263,45.763239058081
5.18675012100722,7.33504021082452,62.7666420555391,12.83,35.0193250184627
10.5989497522145,16.8376005270613,138.787124585433,41.32,77.2387601298107
4.59990124086954,7.33504021082452,54.8478417920084,35.6,30.6612268146568
0.75398223686155,0.868686868686869,7.33504021082452,0.8543636178,4.14276652357784
1.11351731792849,2.58376005270613,10.5025603162368,5.96,6.3784969810539
3.2187012767428,5.75128015811839,35.8427211595349,26.8,20.6516173659257
3.22897258220811,5.75128015811839,35.8427211595349,60.65,20.724572908276
2.24702967134436,4.16752010541226,24.756400790592,16,13.874179542868
6.72746442720521,10.5025603162368,83.3555227407188,49.2,46.7016485161019
4.523904,7.33504021082452,53.2640817393023,45.6847126464222,30.1010324180774
2.16977738511463,4.16752010541226,23.1726407378858,6.56,13.3472064192663
6.47355157513535,10.5025603162368,80.1880026353065,9.9,44.7546563264245
7.37196001567227,12.0863203689429,92.8580830569556,26,51.6783616449702
14.5358421596949,23.1726407378858,195.802486482854,67.89,109.564243284542
2.87046510616496,4.16752010541226,31.0914410014165,85.8,18.1933481765817
14.8617315,23.1726407378858,200.553766640972,121.874970596193,112.286320808668
7.25707902979242,10.5025603162368,89.6905629515433,56.71549298184,50.7877347093559
44.3765827427424,78.6042425826004,678.849302558224,224.91,376.851159571921
1.11351731792849,2.58376005270613,10.5025603162368,6.8,6.3784969810539
1.70267684825593,2.58376005270613,16.8376005270613,24.8,10.2060779374086
13.7719470546853,21.5888806851797,184.716166113911,52.24,103.209367093945
7.66424142672499,12.0863203689429,96.0256031623678,154.38,53.9509484387071
11.0086223443712,16.8376005270613,143.538404743552,321.7,80.5499216135041
3.1101767270539,4.16752010541226,34.2589611068287,3.53541372338,19.8823173542982
2.33342362280294,4.16752010541226,24.756400790592,7.24,14.4658068514761
8.24668071567321,12.0863203689429,103.944403425898,21.45449687073,58.5069830835705
0.628318530717959,0.707070707070707,5.75128015811839,2.550148199676,3.38570720978381
2.98040214608355,4.16752010541226,32.6752010541226,17.11,18.9661486924101
3.45678847415858,5.75128015811839,39.0102412649471,12.87,22.3489661281418
0.302378292908018,0.313131313131313,2.58376005270613,0.525309554,1.5068994421521
0.628318530717959,0.717171717171717,5.75128015811839,0.19435296342,3.38570720978381
4.8335272719076,7.33504021082452,58.0153618974207,45.9,32.3894782101155
5.99344748933092,8.91880026353065,73.852962424482,24.18,41.0957379475384
3.3465810292407,5.75128015811839,37.426481212241,16.99,21.5616785023352
8.77216916965879,13.670080421649,111.863203689429,29.92,62.6472247386065
6.92075466719729,10.5025603162368,86.523042846131,22.35,48.1890782735176
6.49312175392254,10.5025603162368,80.1880026353065,18.99,44.9044335460506
4.33539786195391,7.33504021082452,50.09656163389,12.62164303323,28.7158762938052
5.35220481407267,8.91880026353065,64.3504021082452,23.76,36.2578630828311
7.71426975390434,12.0863203689429,96.0256031623678,96.01,54.3408745310753
2.04464556608368,2.58376005270613,21.5888806851797,14.99,12.4978997807471
24.4811855785969,40.5940013176533,351.010971648055,153,195.096327693111
3.75235284380555,5.75128015811839,43.7615214230655,23.83,24.4734470460115
1.72786883275864,2.58376005270613,18.4213605797674,13.9,10.3733471232109
1.46488694600814,2.58376005270613,15.2538404743552,6.73,8.64074180519665
4.29588887335243,7.33504021082452,50.09656163389,18.2,28.4263671657207
1.04587584913439,2.58376005270613,10.5025603162368,3.71,5.95105049196481
22.9728962793754,37.426481212241,325.670810804757,153.09094075506,181.836809062414
3.71567036139405,5.75128015811839,42.1777613703594,26.42,24.2087750725579
3.14159265358979,4.16752010541226,35.8427211595349,7.2739324889,20.1047254941415
3.95458551728256,5.75128015811839,45.3452814757716,21.49,25.937501243537
22.1248785000523,37.426481212241,313.000730383108,61.83,174.422179788533
29.6984174672105,50.09656163389,434.95025444148,111,241.609507078174
0.188495559215388,0.181818181818182,1,1.16377383276,0.893111532078854
11.0446875,16.8376005270613,145.122164796258,68.5175979596384,80.8420549869085
28.2744,48.5128015811839,412.777613703594,54.4499514578559,228.820077904504
25.5089828399749,42.1777613703594,366.848572175116,104.66,204.182279131506
10.0297132191992,15.2538404743552,129.284564269197,39.5,72.6606924922844
12.9935891225476,21.5888806851797,172.046085692262,236.2,96.7728272015608
13.1642843384143,21.5888806851797,175.213605797674,32.35,98.1809302085772
1.89257619358022,2.58376005270613,20.0051206324736,23.95,11.4732455689108
29.0817487402443,50.09656163389,425.447694125243,84.87,236.06282967058
15.182409486042,24.756400790592,206.888806851797,61.71,114.971102709257
4.41362126611124,7.33504021082452,51.6803216865962,37.9,29.2899019288333
3.54371664025958,5.75128015811839,40.5940013176533,27.16,22.971852967612
11.6862830873991,18.4213605797674,154.624725112495,44.5,86.0558456164912
17.4227269502546,27.9239208960042,240.147767958626,54.27,133.890758226899
5.5154715,8.91880026353065,65.9341621609513,12.3691604596384,37.4840400629026
18.7692286075859,31.0914410014165,260.736648643805,86.3,145.3901885307
50.221141148451,89.6905629515433,777.042425826004,498.33,432.158879997586
3.25154839646544,5.75128015811839,37.426481212241,6.57807418884,20.8850125876715
5.41924732744239,8.91880026353065,65.9341621609513,8.99995585566,36.7608937848543
11.5166510679947,18.4213605797674,151.457205007082,62.8,84.6743206579336
17.7205875,29.5076809487103,244.899048116744,36.0182430926916,136.426629466835
4.34709039018028,7.33504021082452,51.6803216865962,31.4,28.8016095555471
5.3272374470957,8.91880026353065,64.3504021082452,30.5,36.0707004595861
23.2374695231728,39.0102412649471,330.422090962875,139.84,184.15614394511
0.934623814442963,2.58376005270613,8.91880026353065,2.643094003858,5.25450573946527
38.4846,67.5179222136575,582.23993934315,40.5783279220779,321.879301110977
3.45575191894877,5.75128015811839,39.0102412649471,7.09982455875,22.3415486649079
5.78545,8.91880026353065,69.1016822663636,155.9938850518,39.5201266214347
2.0907057757267,4.16752010541226,21.5888806851797,8.16,12.8098958060205
4.04907032648517,5.75128015811839,46.9290415284778,58.03,26.6242921033743
72.6488955856787,134.035844427315,1169.81491889712,774.45,650.304933118623
48.3693825288549,84.9392827934249,746.950984824587,261.85,414.556934748997
2.71018418188761,4.16752010541226,29.5076809487103,10.9,17.0723422606019
6.82422647761764,10.5025603162368,84.9392827934249,19,47.4457005337946
21.3889076454037,35.8427211595349,298.746889908752,474.4,168.011759390745
4.44013486816265,7.33504021082452,51.6803216865962,83,29.4847140499083
5.05796417227957,7.33504021082452,61.1828820028329,5.34056616632,34.0581876538388
4.90873852123405,7.33504021082452,58.0153618974207,13.1489924412,32.9477774863487
6.82422647761764,10.5025603162368,84.9392827934249,14.57,47.4457005337946
0.470198845625211,0.505050505050505,4.16752010541226,7.29,2.4564049896274
19.9818677361605,32.6752010541226,279.741769276279,31.96,155.822342625464
8.00561036984528,12.0863203689429,100.776883320486,27.25,56.6169348849051
1.95663150469561,2.58376005270613,20.0051206324736,22.7,11.9038218406479
38.9688962489347,67.5179222136575,588.574979553974,127,326.365652001171
50.3295441786651,91.2743230042494,786.544986142241,74.81,433.191483559872
6.51549037699114,10.5025603162368,80.1880026353065,75.6,45.0756872806862
49.4022404239996,88.1068028988372,767.539865509767,174.49,424.366087886974
4.68612031762758,7.33504021082452,54.8478417920084,78.1,31.2979664949342
23.5978931004504,39.0102412649471,336.7571311737,88.11,187.32027097299
17.7205875,29.5076809487103,244.899048116744,41.226040075121,136.426629466835
15.2269001713539,24.756400790592,206.888806851797,52.84,115.344069619141
4.15854542210385,5.75128015811839,48.5128015811839,11.81,27.4221861199527
5.8346695,8.91880026353065,70.6854423190697,44.72527160959,39.8924330216974
9.57690513819644,15.2538404743552,122.949524058372,149.52,69.0387014361199
0.329867228626928,0.343434343434343,2.58376005270613,0.5502410298,1.65924380772944
27.8827648317117,46.9290415284778,404.858813440063,106.57,225.314618852153
4.59325788559698,7.33504021082452,54.8478417920084,22.5,30.6122173154157
2.15299218450687,4.16752010541226,23.1726407378858,25.75,13.2329693384994
50.3295441786651,89.6905629515433,781.793705984122,288.44,433.191483559872
8.11839869464054,12.0863203689429,102.360643373192,149.37,57.5004759036085
15.3793155046184,24.756400790592,208.472566904503,49.1,116.6226534086
16.4323032060657,26.3401608432981,224.310167431564,99.28,125.492351038311
3.98243242161825,5.75128015811839,45.3452814757716,36.52,26.1397344053787
4.71238898038469,7.33504021082452,56.4316018447146,23.17350318591,31.4922141373449
0.604756585816035,0.676767676767677,5.75128015811839,0.99738943458,3.24546292774468
7.25843912735392,10.5025603162368,91.2743230042494,23.47,50.7982702466469
4.26079490384341,7.33504021082452,50.09656163389,7.62,28.169448253586
0.494800842940392,0.545454545454546,4.16752010541226,0.5691805581,2.59905370577208
41.2584691169538,72.2692023717759,626.585220818921,165.6,347.655077351336
23.2374695231728,39.0102412649471,332.005851015581,71.37,184.15614394511
2.53683606777376,4.16752010541226,27.9239208960042,2.69007840948,15.8679082914982
4.60519335397861,7.33504021082452,54.8478417920084,22.49,30.7002733144313
9.30550046030555,15.2538404743552,119.78200395296,19.83,66.8764488116589
4.83805268652828,7.33504021082452,58.0153618974207,11.605539984115,32.4230446404227
1.17809724509617,2.58376005270613,12.0863203689429,1.3093018554,6.78919737732858
5.91406631156166,8.91880026353065,72.2692023717759,35.79,40.4937132648402
34.678286519662,59.5991219501268,517.305777182198,141.34,286.834475143939
5.20208781075754,7.33504021082452,62.7666420555391,10.2,35.1339623907061
2.12697127758583,4.16752010541226,23.1726407378858,16.3,13.0560639471756
8.77216916965879,13.670080421649,111.863203689429,12.17,62.6472247386065
32.8583067749098,56.4316018447146,487.214336180782,104.73,270.219997464905
4.69744,7.33504021082452,54.8478417920084,40.65269711813,31.3816573903083
8.82294764853397,13.670080421649,111.863203689429,47.2,63.0487324210171
23.8195976574383,39.0102412649471,339.924651279112,91.2,189.26916742133
6.0547554877369,8.91880026353065,73.852962424482,34.6,41.5612801328413
12.2418163473475,20.0051206324736,162.543525376025,126.6,90.5951110349214
11.6159632487403,18.4213605797674,153.040965059789,19.9,85.4828817260252
0.597588457171335,0.666666666666667,4.16752010541226,12.98,3.20291180029875
43.3745093129399,75.4367224771881,663.011702031162,231,367.443684696364
1.8063769806205,2.58376005270613,18.4213605797674,13.2,10.89628137963
4.94800842940392,7.33504021082452,59.5991219501268,15.06139939612,33.2396455134746
11.1447999386098,16.8376005270613,145.122164796258,112.28324709294,81.6535146198507
10.6589655,16.8376005270613,138.787124585433,39.555631751228,77.7229928146335
29.4532,50.09656163389,430.198974283361,258.95630800414,239.402390234733
65.6551413279126,119.78200395296,1047.86539483875,483.7,581.379892116489
10.178784,15.2538404743552,132.452084374609,106.401126416476,73.8569701868935
1.94639318424804,2.58376005270613,20.0051206324736,51.8,11.8348979509389
1.12311937365835,2.58376005270613,10.5025603162368,4.20776633662,6.43940442754923
3.61283155162826,5.75128015811839,42.1777613703594,6.61287812955,23.4682666401462
11.8641717492678,18.4213605797674,156.208485165201,51.4,87.5069175915011
2.44367039660178,4.16752010541226,26.3401608432981,84.1,15.2241747857882
4.28462435816938,7.33504021082452,50.09656163389,11.65,28.3438764199531
16.9246355241179,27.9239208960042,232.228967695095,40.87,129.660573586098
1.41334453541394,2.58376005270613,13.670080421649,15.12,8.30487185746742
4.64779479622104,7.33504021082452,54.8478417920084,24.49,31.0147713535925
19.7124253787546,32.6752010541226,274.99048911816,94.89,153.498372237351
37.6991118430775,65.9341621609513,564.818578763382,442.99911089742,314.615661165615
1.2271875,2.58376005270613,12.0863203689429,0.339109371021136,7.10301100114526
2.08342915105884,4.16752010541226,21.5888806851797,9.99,12.7605571741428
5.97779018127769,8.91880026353065,72.2692023717759,29,40.9769255378379
18.7251383744388,31.0914410014165,260.736648643805,60.3,145.012214624024
3.03805472078754,4.16752010541226,34.2589611068287,13.91,19.37264281708
9.90538786182508,15.2538404743552,127.70080421649,22.4,71.6644449214165
13.2085160693331,21.5888806851797,176.79736585038,51.8,98.5461270223925
7.5398223686155,12.0863203689429,94.4418431096617,26.86574940357,52.9823952398513
31.2451139348167,53.2640817393023,458.706655232072,330.8,255.57510236275
17.8994613568204,29.5076809487103,248.066568222156,80.43,137.95168836602
14.5944835711749,23.1726407378858,195.802486482854,372.5,110.053584529918
3.57814604131953,5.75128015811839,40.5940013176533,31.5,23.2190120046212
2.9845130209103,4.16752010541226,32.6752010541226,13.321621443515,18.9951058421235
1.09587720111179,2.58376005270613,10.5025603162368,5.22,6.26674925693862
28.2744,46.9290415284778,411.193853650888,158.593930640438,228.820077904504
7.26886515900844,10.5025603162368,91.2743230042494,11.29,50.8790389894089
6.47355157513535,10.5025603162368,80.1880026353065,22.09,44.7546563264245
25.330854619772,42.1777613703594,363.681052069704,103.6,202.604738519655
13.4904228119858,21.5888806851797,179.964885955793,289.2,100.876728670876
0.75398223686155,0.868686868686869,7.33504021082452,0.429290717856,4.14276652357784
1.06243940311197,2.58376005270613,10.5025603162368,4.63,6.05545466704915
40.8183596709768,70.6854423190697,620.250180608097,184,343.552723626172
4.17419803158876,5.75128015811839,48.5128015811839,12.94,27.5364528718295
10.8990483712791,16.8376005270613,141.954644690846,55.25,79.6629837922377
12.728775,20.0051206324736,168.87856558685,155.26533915468,94.5922335499695
5.81061524021754,8.91880026353065,70.6854423190697,34.5,39.7104395644555
12.5664,20.0051206324736,167.294805534144,32.5505582346575,93.257556673138
33.18315,56.4316018447146,490.381856286194,284.916418783422,273.178418883208
60.1321875,108.695683584017,949.672271570972,473.163216911765,527.498253759108
5.33099425733428,8.91880026353065,64.3504021082452,37.66,36.0988566197127
3.97411470679109,5.75128015811839,45.3452814757716,4.47603084621,26.0793126160636
17.0907006416106,27.9239208960042,235.396487800507,56.22,131.06947057283
12.6161945947292,20.0051206324736,167.294805534144,218.5,93.6666594787119
8.26904068893588,13.670080421649,103.944403425898,183.2,58.682592557727
6.49312175392254,10.5025603162368,80.1880026353065,29.37,44.9044335460506
7.77544181763474,12.0863203689429,97.6093632150739,19.46298972926,54.8180232078075
7.01520189862998,10.5025603162368,86.523042846131,36.2,48.9175033804101
14.1862875,23.1726407378858,191.051206324736,57.2017810988032,106.651738073677
5.12361885291093,7.33504021082452,61.1828820028329,60.03,34.5478499413166
6.80244584075079,10.5025603162368,83.3555227407188,50.4,47.2781193819669
6.24800553882345,8.91880026353065,77.0204825298943,12.95,43.0320006335254
30.9471282846934,53.2640817393023,455.539135126659,85.72,252.87863529249
18.968585933983,31.0914410014165,263.904168749218,66.58,147.10040758999
29.6984174672105,50.09656163389,434.95025444148,103.13,241.609507078174
2.71018418188761,4.16752010541226,29.5076809487103,12.97,17.0723422606019
50.221141148451,89.6905629515433,777.042425826004,452.86,432.158879997586
1.02101761241668,2.58376005270613,8.91880026353065,4.051749082304,5.7946949114134
3.61283155162826,5.75128015811839,42.1777613703594,4.597982928,23.4682666401462
8.48230016469244,13.670080421649,107.111923531311,50.844347417325,60.3600101076569
8.2347260524432,12.0863203689429,103.944403425898,29.8,58.4131150950715
3.26439907287287,5.75128015811839,37.426481212241,12.01,20.9763917914808
20.8307715,34.2589611068287,293.995609750634,57.7231118299593,163.165954563557
2.07003099369508,4.16752010541226,21.5888806851797,9.61,12.6697601205403
9.36070584059755,15.2538404743552,119.78200395296,72.8,67.3157248726015
42.4006019741283,73.852962424482,645.590341451395,235.92,358.322854347622
1.22705542625133,2.58376005270613,12.0863203689429,5.66,7.10216488328766
54.2518386844675,97.6093632150739,848.31162819778,360.9,470.71006356046
2.00823708041005,2.58376005270613,21.5888806851797,5.85,12.2518112468048
0.714712328691678,0.808080808080808,5.75128015811839,1.49359816452,3.90461946572254
2.65031420262222,4.16752010541226,29.5076809487103,36.2,16.6554033038584
5.85848924891699,8.91880026353065,70.6854423190697,22.23,40.0727311925332
0.494800842940392,0.545454545454546,4.16752010541226,0.358234009056,2.59905370577208
4.64413707323271,7.33504021082452,54.8478417920084,40.5,30.9877566954281
15.9993910132849,26.3401608432981,217.97512722074,70.5,121.838192251178
5.48956720902063,8.91880026353065,65.9341621609513,137.9,37.2892298965097
5.7776162883491,8.91880026353065,70.6854423190697,18.27,39.4609019546858
23.75835,40.5940013176533,339.924651279112,27.3373722784568,188.730574653979
1.42942465738336,2.58376005270613,13.670080421649,4.27332362226,8.40951782745015
5.91505429529318,8.91880026353065,70.6854423190697,204.8,40.5012008258055
16.332723041814,26.3401608432981,222.726407378858,112.3,124.650886008905
3.15498570372191,5.75128015811839,35.8427211595349,16.16,20.1996136110423
3.40159194598492,5.75128015811839,39.0102412649471,14.99,21.954318681868
17.7003848865164,29.5076809487103,244.899048116744,134,136.25448723952
1.0386915,2.58376005270613,10.5025603162368,0.686574993633817,5.90582050163359
3.80513674842412,5.75128015811839,43.7615214230655,13.2,24.8547789591325
27.8221837203822,46.9290415284778,403.275053387357,165.07,224.772835548949
28.7944580612945,48.5128015811839,420.696413967124,107.83,233.483041848312
1.54266435671408,2.58376005270613,15.2538404743552,7.92,9.14995166903121
1.12868044147555,2.58376005270613,10.5025603162368,5,6.47470469161563
2.40331837999619,4.16752010541226,26.3401608432981,9.85270408892,14.9461672972559
1.20440219346226,2.58376005270613,12.0863203689429,27.02,6.95718386422584
10.6611991788202,16.8376005270613,138.787124585433,24.8,77.741020722732
18.7692286075859,31.0914410014165,260.736648643805,113,145.3901885307
4.21627367151609,5.75128015811839,50.09656163389,13.34,27.8438388562633
6.86225937305253,10.5025603162368,84.9392827934249,25.87,47.7384642001053
12.3700210735098,20.0051206324736,164.127285428731,70.1372008337,91.6458392000785
30.2617067054091,51.6803216865962,442.86905470501,229.47,246.686830286354
2.08586717814544,4.16752010541226,21.5888806851797,9.92,12.7770859943358
30.6796875,51.6803216865962,450.787854968541,195.957619166985,250.460928376226
23.75835,40.5940013176533,339.924651279112,27.1282722179781,188.730574653979
2.68606171881927,4.16752010541226,29.5076809487103,13.9370503657,16.9042320295722
21.3114621653838,35.8427211595349,300.330649961459,162,167.338552835023
4.07189586921463,5.75128015811839,46.9290415284778,27.86,26.7904648115871
2.010624,2.58376005270613,21.5888806851797,1.40154220779221,12.2679301674757
15.9135870182116,26.3401608432981,214.807607115328,473,121.115175842526
18.232289397278,29.5076809487103,252.817848380275,165.4,140.793668701852
11.0086223443712,16.8376005270613,143.538404743552,273.6,80.5499216135041
5.07087269573194,7.33504021082452,61.1828820028329,14.25,34.1544079752546
3.978066,5.75128015811839,46.9290415284778,18.50966429394,26.1080140337399
11.0446875,18.4213605797674,145.122164796258,7.85244461420932,80.8420549869085
1.64933614313464,2.58376005270613,16.8376005270613,11.137842306976,9.85278383962346
8.63531672713799,13.670080421649,110.279443636723,19.28,61.5663661126358
9.40843103398686,15.2538404743552,121.365764005666,99.64,67.6957033562483
6.28280392611474,10.5025603162368,77.0204825298943,29.4,43.2973533387646
35.7847875,61.1828820028329,534.727137761966,171.798091338808,296.981612250615
3.54371664025958,5.75128015811839,40.5940013176533,22.5,22.971852967612
50.2656,89.6905629515433,783.377466036828,136.364742846002,432.582348317533
3.95840674352314,5.75128015811839,45.3452814757716,16.853283812442,25.9652432337794
15.7021354833488,24.756400790592,213.223847062621,158.94,119.335188143252
0.796047446975187,0.909090909090909,7.33504021082452,6.2,4.39933851306033
4.18736974538153,5.75128015811839,48.5128015811839,7.64,27.6326441409635
30.9471282846934,53.2640817393023,455.539135126659,72.44,252.87863529249
2.4052875,4.16752010541226,26.3401608432981,21.0573359116374,14.9597221563741
46.458212531658,81.7717626880126,716.859543823171,157.89,396.465642929036
2.90308487209522,4.16752010541226,32.6752010541226,14.54,18.4223237566291
6.49312175392254,10.5025603162368,80.1880026353065,18.16,44.9044335460506
11.2622563133821,18.4213605797674,148.28968490167,49.64,82.6065481181957
32.5015561280497,54.8478417920084,480.879295969957,160,266.97458738254
6.9708,10.5025603162368,86.523042846131,35.46906526635,48.5749219697624
15.9457649762228,26.3401608432981,217.97512722074,95.86,121.386270607801
12.3921464686866,20.0051206324736,162.543525376025,306.5,91.8272905112786
69.4643440492599,127.70080421649,1117.55083715782,414.08,618.828186054728
15.4263676325528,24.756400790592,210.056326957209,93.75,117.01763911471
0.942477796076938,2.58376005270613,8.91880026353065,0.72906147776,5.3034007595843
12.087424206034,18.4213605797674,159.376005270613,32.94,89.3313191037569
0.942477796076938,2.58376005270613,8.91880026353065,3.8717259042,5.3034007595843
7.39642772144365,12.0863203689429,92.8580830569556,16.31,51.868242519649
26.6853825027514,45.3452814757716,385.85369280759,115.5,214.629946941075
2.4493392985581,4.16752010541226,26.3401608432981,13.16,15.2632704997741
18.232289397278,29.5076809487103,252.817848380275,146.38,140.793668701852
4.45269836626086,7.33504021082452,51.6803216865962,61.99,29.5770694324146
1.69646003293849,2.58376005270613,16.8376005270613,1.414998489828,10.1648401746976
1.02101761241668,2.58376005270613,8.91880026353065,2.7905509401,5.7946949114134
47.9188054439309,84.9392827934249,737.448424508351,421.24,410.284737885941
15.2747866751183,24.756400790592,205.305046799091,545.1,115.7456339007
2.53683606777376,4.16752010541226,27.9239208960042,1.64302664064,15.8679082914982
28.7944580612945,48.5128015811839,419.112653914418,224.19,233.483041848312
1.81862575306231,2.58376005270613,18.4213605797674,13.5,10.978091069705
1.53996812428395,2.58376005270613,15.2538404743552,8.8,9.13225264169443
0.502654824574367,0.545454545454546,4.16752010541226,0.93595391505,2.64475477588232
4.10092645783896,5.75128015811839,46.9290415284778,32.26,27.0019547647866
25.330854619772,42.1777613703594,365.26481212241,88.6,202.604738519655
14.0452899910601,23.1726407378858,189.467446272029,28.8,105.479098423511
3.90426550284224,5.75128015811839,45.3452814757716,15,25.5724475287921
69.9260842005356,127.70080421649,1123.88587736865,592.05,623.382730679003
26.8136135517788,45.3452814757716,387.437452860296,168.4,215.771790695357
4.31968989868597,7.33504021082452,50.09656163389,18.9527942296,28.6007395023154
63.6174,115.659259259259,1008.14214214214,791.588146326712,561.441130564221
3.79347312920967,5.75128015811839,43.7615214230655,7.177275947226,24.770467409248
22.8157382864689,37.426481212241,324.087050752051,127.6,180.460459510553
1.26627835517445,2.58376005270613,12.0863203689429,28.3,7.35386644204116
3.39292006587698,5.75128015811839,39.0102412649471,4.05650605899,21.8923778393045
17.2196290804296,27.9239208960042,236.980247853213,48,132.164309629218
2.04203522483337,2.58376005270613,21.5888806851797,2.7900204024,12.4802405432736
6.24800553882345,8.91880026353065,77.0204825298943,14.27,43.0320006335254
2.35232277804036,4.16752010541226,24.756400790592,14.25,14.5955439460509
1.17015008557832,2.58376005270613,12.0863203689429,2.98,6.73852425479539
12.0629634958418,18.4213605797674,159.376005270613,32.38,89.1312512310741
30.3202179035678,51.6803216865962,446.036574810423,56.48,247.214815374672
6.157536,8.91880026353065,75.4367224771881,9.39807940221543,42.3428720336909
29.0241999363806,48.5128015811839,423.863934072537,109.5,235.545838957775
2.19911485751286,4.16752010541226,23.1726407378858,2.4636474324,13.547098461183
3.01139764591007,4.16752010541226,34.2589611068287,45.64,19.1845869401625
5.73053211524114,8.91880026353065,69.1016822663636,74.15,39.1051158532201
5.9856538054503,8.91880026353065,72.2692023717759,49.14,41.0365929561966
1.64933614313464,2.58376005270613,16.8376005270613,3.56787852036,9.85278383962346
17.4697170593547,27.9239208960042,240.147767958626,95.75,134.290508464673
2.7160477427716,4.16752010541226,29.5076809487103,14.99,17.1132298201675
26.9523516657646,45.3452814757716,390.604972965708,105.63,217.007852641665
9.01761877225249,13.670080421649,115.030723794841,25.29,64.590282902887
7.37196001567227,12.0863203689429,92.8580830569556,28.29,51.6783616449702
3.64851958450452,5.75128015811839,42.1777613703594,12.23,23.7249925161808
2.05487976675778,4.16752010541226,21.5888806851797,40.54,12.5671584524202
66.5060932360619,121.365764005666,1065.28675541852,346.64,589.725942697882
4.11035102874499,5.75128015811839,48.5128015811839,46.48,27.0706479061998
3.13012596822764,4.16752010541226,34.2589611068287,151.8,20.0235197632573
15.7021354833488,24.756400790592,213.223847062621,184.16,119.335188143252
13.7444678594553,21.5888806851797,184.716166113911,87.76905542559,102.9814553273
11.0446875,18.4213605797674,145.122164796258,13.5612323338426,80.8420549869085
5.01820931389437,7.33504021082452,59.5991219501268,41.52,33.7620194253249
5.19540885087412,7.33504021082452,62.7666420555391,8.6713420871,35.0840378845018
17.5952697967602,27.9239208960042,243.315288064038,46.83,135.359162849495
8.23989531371219,12.0863203689429,103.944403425898,94.4,58.4537023373785
2.1757179090571,4.16752010541226,23.1726407378858,9.61,13.387659229831
1.41334453541394,2.58376005270613,13.670080421649,12.41,8.30487185746742
48.50531848838,86.523042846131,750.11850493,265.9,415.846663642138
14.3035066077582,23.1726407378858,192.634966377442,25.61,107.627567856882
2.93430311450836,4.16752010541226,32.6752010541226,100.9,18.6417189117308
13.6788607366474,21.5888806851797,183.132406061205,169.1,102.437508483197
6.28318530717959,10.5025603162368,77.0204825298943,25.14775354476,43.3002624053887
2.35619449019234,4.16752010541226,26.3401608432981,3.40663747116,14.622135877755
2.24702967134436,4.16752010541226,24.756400790592,20.2,13.874179542868
41.2825875,72.2692023717759,625.001460766215,447.172086993889,347.880025541708
4.19472365176353,5.75128015811839,48.5128015811839,11.28,27.6863628095897
3.58788295657412,5.75128015811839,40.5940013176533,52.25,23.288956804234
5.59304287058969,8.91880026353065,67.5179222136575,17.63,38.067989601603
4.83528161236402,7.33504021082452,58.0153618974207,20.5,32.402490309317
1.68919147269236,2.58376005270613,16.8376005270613,4.96,10.1166463865275
3.63011368251378,5.75128015811839,42.1777613703594,12.66,23.5925539212038
11.433885749329,18.4213605797674,149.873444954376,63.05,84.0010463034213
9.61327351998477,15.2538404743552,124.533284111078,53.227974413922,69.3289463979275
1.86912378402238,2.58376005270613,20.0051206324736,56.97,11.315986022175
7.17284147463147,10.5025603162368,89.6905629515433,29,50.1356294356234
1.6513035,2.58376005270613,16.8376005270613,1.24364018334607,9.86579289840241
8.27917385462919,13.670080421649,103.944403425898,336.8,58.7621925481941
1.48988006137764,2.58376005270613,15.2538404743552,5.92,8.80406439559452
77.6113493442861,143.538404743552,1266.4242821122,372.25,699.64736434361
33.18315,56.4316018447146,490.381856286194,299.787030056341,273.178418883208
3.1101767270539,4.16752010541226,34.2589611068287,9.7142187219,19.8823173542982
2.82743338823081,4.16752010541226,31.0914410014165,15.240462473775,17.8917110264352
31.3962794311088,53.2640817393023,461.874175337484,250.91,256.944048820407
1.5535051993863,2.58376005270613,15.2538404743552,14.66,9.22114812102143
2.14662187485826,4.16752010541226,23.1726407378858,11.89,13.1896390107832
3.08942223971017,4.16752010541226,34.2589611068287,33.12,19.7355180220821
15.8949056245737,26.3401608432981,216.391367168034,157.9,120.957814592932
9.91441881581442,15.2538404743552,127.70080421649,109.07,71.7367672365862
2.04203522483337,4.16752010541226,21.5888806851797,1.8612019118,12.4802405432736
24.3963194021915,40.5940013176533,349.427211595349,114.51,194.347889300985
7.08187637213754,10.5025603162368,88.1068028988372,58.56,49.4323629841992
2.652908048367,4.16752010541226,29.5076809487103,15.5,16.673446352605
7.71673291728929,12.0863203689429,97.6093632150739,47,54.3600796817317
16.9246355241179,27.9239208960042,232.228967695095,37.16,129.660573586098
1.60221225333079,2.58376005270613,16.8376005270613,4.19097733824,9.54167875876696
11.0086223443712,16.8376005270613,143.538404743552,205.5,80.5499216135041
0.847514027442724,0.97979797979798,7.33504021082452,15.14,4.71522313153882
11.6862767839766,18.4213605797674,153.040965059789,184.49,86.0557942398547
23.6448524984609,39.0102412649471,336.7571311737,116.4,187.732905435037
3.43804321702012,5.75128015811839,39.0102412649471,118.95,22.2148641165585
25.8889224985676,43.7615214230655,370.016092280528,460.5,207.551028628117
5.00432309162266,7.33504021082452,59.5991219501268,12.05,33.6586279367381
6.09951162926204,8.91880026353065,73.852962424482,38.23,41.9014542904546
1.09955742875643,2.58376005270613,10.5025603162368,1.79144504,6.29004723468596
11.0446875,18.4213605797674,145.122164796258,12.2697057231984,80.8420549869085
0.494800842940392,0.535353535353535,4.16752010541226,1.54126448322,2.59905370577208
4.57696812375022,7.33504021082452,53.2640817393023,55.98,30.4920762139999
0.742199540558262,0.848484848484849,5.75128015811839,9.54,4.07116951001839
13.6154618849965,21.5888806851797,183.132406061205,50.66,101.912135097377
6.40048323680495,10.5025603162368,78.6042425826004,47.4,44.1958680270013
0.117809724509617,0.111111111111111,0.96969696969697,0.276181401804,0.530856702295783
2.96880505764235,4.16752010541226,32.6752010541226,9.87223498415,18.8844814008486
1.4313915,2.58376005270613,13.670080421649,0.923891010949834,8.42232627911237
1.42942465738336,2.58376005270613,13.670080421649,6.8500353537,8.40951782745015
1.53152641862502,2.58376005270613,15.2538404743552,9.3331618842,9.07685971957139
13.000228,20.0051206324736,173.629845744968,86.63784403286,96.8275560225605
18.9350338342359,31.0914410014165,263.904168749218,113.3,146.812440503663
1.69616740875035,2.58376005270613,16.8376005270613,15.6,10.1628995192724
6.31861711477969,10.5025603162368,77.0204825298943,112.81,43.5706083435604
0.665136761145799,0.747474747474748,5.75128015811839,1.8,3.60597555382087
7.01353376807513,10.5025603162368,86.523042846131,147,48.9046287752694
1.51829065471069,2.58376005270613,15.2538404743552,15.05,8.99007477986682
0.918331597535092,2.58376005270613,8.91880026353065,3.96,5.15321872490783
3.65076607816719,5.75128015811839,42.1777613703594,17.1,23.7411619261038
48.1296234138676,84.9392827934249,742.199704666469,336.26,412.283100143405
37.4502861120852,64.3504021082452,560.067298605264,371.04,312.318051029215
8.69342077986823,13.670080421649,110.279443636723,516.4,62.0250492035564
33.253758238248,56.4316018447146,491.9656163389,317.47154637044,273.821874762845
9.78937298533103,15.2538404743552,126.117044163784,21.7,70.7359950510935
3.1101767270539,4.16752010541226,34.2589611068287,3.87362845716,19.8823173542982
7.70862032083778,12.0863203689429,97.6093632150739,36.13,54.2968286842311
10.5989497522145,16.8376005270613,138.787124585433,26.5,77.2387601298107
3.72401743604162,5.75128015811839,42.1777613703594,42.3,24.2689765713691
13.690012875,21.5888806851797,183.132406061205,103.583889896868,102.529950928763
1.42294915180211,2.58376005270613,13.670080421649,8.16,8.36736142500224
1.97920337176157,2.58376005270613,21.5888806851797,6.85386712395,12.055910486556
34.1371370309464,58.0153618974207,507.803216865962,135.26,281.884393337465
2.00276531666349,2.58376005270613,21.5888806851797,1.308433744926,12.2148680329808
4.39498727662469,7.33504021082452,51.6803216865962,57.9,29.1530610341705
1.97920337176157,2.58376005270613,21.5888806851797,7.41915080214,12.055910486556
22.9857363138369,37.426481212241,327.254570857463,146.2,181.949303356025
12.9805274456776,20.0051206324736,172.046085692262,122.92,96.6651595613132
44.17875,77.0204825298943,674.098022400105,418.310122867329,374.992088969505
7.30982208501858,12.0863203689429,91.2743230042494,66.66,51.1964451961013
17.5418787471034,27.9239208960042,241.731528011332,77.33,134.904619812676
10.1770443156564,15.2538404743552,132.452084374609,92.28,73.8429985475042
0.950334,2.58376005270613,8.91880026353065,1.24520944741533,5.35235318622624
6.18845342899002,8.91880026353065,75.4367224771881,42.6,42.5782567792059
1.24340645003624,2.58376005270613,12.0863203689429,33.8,7.20698982625077
2.96880505764235,4.16752010541226,32.6752010541226,5.148520179264,18.8844814008486
7.03716754404114,10.5025603162368,86.523042846131,84.147318865995,49.0870643676288
7.71426975390434,12.0863203689429,97.6093632150739,33.83,54.3408745310753
3.57881532864934,5.75128015811839,40.5940013176533,20.23,23.2238191571873
4.16830760152639,5.75128015811839,48.5128015811839,26.83,27.4934463336349
71.6752836709423,130.868324321903,1155.56107842277,515.62,640.665601540111
3.3465810292407,5.75128015811839,37.426481212241,32.99,21.5616785023352
10.5672717797403,16.8376005270613,137.203364532727,208.89,76.9832867117079
56.74515,102.360643373192,892.656909673551,308.150846304431,494.712288782777
8.042496,12.0863203689429,100.776883320486,9.13415377514642,56.9057375097493
26.094547819011,43.7615214230655,377.934892544059,52.21,209.376422520716
7.76482132309887,12.0863203689429,97.6093632150739,138.6,54.7351533449822
21.2385861162352,34.2589611068287,298.746889908752,119.15,166.705305388188
2.54469004940773,4.16752010541226,27.9239208960042,1.64183562081,15.9222926742642
3.3921325628465,5.75128015811839,39.0102412649471,10.99,21.8867537598919
1.06028752058656,2.58376005270613,10.5025603162368,3.743957091105,6.04188093053008
4.34566068619022,7.33504021082452,51.6803216865962,7,28.7911251967474
3.85263059010026,5.75128015811839,45.3452814757716,8.52,25.1983769644909
2.00088117374069,2.58376005270613,21.5888806851797,18.9,12.2021495293846
3.61818414407481,5.75128015811839,42.1777613703594,12.57,23.506753911568
6.86505366289765,10.5025603162368,84.9392827934249,8.71,47.7599804956665
4.89983324926874,7.33504021082452,58.0153618974207,11.35,32.8816249366163
12.3347037787113,20.0051206324736,164.127285428731,39.9,91.3562724228611
19.0646620758048,31.0914410014165,265.487928801924,57.94,147.925299568192
12.8993673353998,20.0051206324736,172.046085692262,50.16,95.9964151028692
24.6556920656367,40.5940013176533,352.594731700761,202.6,196.636178015342
2.085826615032,4.16752010541226,21.5888806851797,18.82,12.7768109762295
2.79399660813672,4.16752010541226,31.0914410014165,11.22,17.6576690215869
20.1412667789282,32.6752010541226,279.741769276279,475.8,157.198757137511
7.57902010005606,12.0863203689429,94.4418431096617,39.68,53.287351185726
4.71954932376425,7.33504021082452,56.4316018447146,27.25,31.5451824864964
6.02606327615275,8.91880026353065,73.852962424482,15.64,41.3433428612305
2.82743338823081,4.16752010541226,31.0914410014165,18.69315676305,17.8917110264352
16.4323032060657,26.3401608432981,225.89392748427,43.74,125.492351038311
1.78942462479031,2.58376005270613,18.4213605797674,33.38,10.7831542223446
35.4848391631324,61.1828820028329,529.975857603847,197.75,294.227587305929
1.82030054189155,2.58376005270613,18.4213605797674,15.1,10.9892815878547
5.18675012100722,7.33504021082452,62.7666420555391,12,35.0193250184627
3.76991118430775,5.75128015811839,43.7615214230655,25.015473354795,24.6002322652613
10.2411338244833,16.8376005270613,132.452084374609,185,74.3578781598742
19.9818677361605,32.6752010541226,279.741769276279,47.75,155.822342625464
52.9657856738457,94.4418431096617,824.555227407188,466.72,458.375353814864
23.5978931004504,39.0102412649471,336.7571311737,126.37,187.32027097299
7.63958490321019,12.0863203689429,96.0256031623678,17.74,53.7588727834578
6.8392839812833,10.5025603162368,84.9392827934249,52.32,47.5615870354555
4.58365813881193,7.33504021082452,54.8478417920084,25.2,30.5414112430654
23.6425908810326,39.0102412649471,336.7571311737,101.16,187.71303048688
8.92476640642018,13.670080421649,113.446963742135,39.25,63.8545606558193
1.22522113490002,2.58376005270613,12.0863203689429,1.42055686773,7.09041467731737
1.09955742875643,2.58376005270613,10.5025603162368,3.238383722805,6.29004723468596
10.6244463282201,16.8376005270613,137.203364532727,369,77.4444416994218
15.0251884650925,24.756400790592,203.721286746385,47.39,113.6540509692
12.280163336943,20.0051206324736,162.543525376025,54.4,90.9092689937081
24.353760811315,40.5940013176533,349.427211595349,82.45,193.97266794229
25.5089828399749,42.1777613703594,366.848572175116,71.75,204.182279131506
28.2744,46.9290415284778,411.193853650888,131.511310956201,228.820077904504
15.2269001713539,24.756400790592,206.888806851797,53.71,115.344069619141
1.83783170235003,2.58376005270613,18.4213605797674,8.180745775818,11.1064862539764
1.17809724509617,2.58376005270613,12.0863203689429,0.93680997487,6.78919737732858
3.80513674842412,5.75128015811839,43.7615214230655,10.49,24.8547789591325
33.5416961899546,58.0153618974207,498.300656549725,167.9,276.447374197524
31.3036143055852,53.2640817393023,460.290415284778,197.52,256.104794772777
1.29138708427749,2.58376005270613,12.0863203689429,8.2,7.51543381962703
0.176714586764426,0.171717171717172,1,0.2275248822,0.831538483319016
48.5523619809246,86.523042846131,748.534744877293,392.73,416.293091410642
24.9287121549419,42.1777613703594,358.929771911585,76.14,199.047649362195
2.0140329565453,2.58376005270613,21.5888806851797,10.06,12.2909544709532
13.1642843384143,21.5888806851797,175.213605797674,42.7,98.1809302085772
3.18499256506521,5.75128015811839,35.8427211595349,11.92,20.4123645597305
9.72720476525656,15.2538404743552,126.117044163784,23.7,70.2389546695101
0.947107521834826,2.58376005270613,8.91880026353065,3.96,5.33224357559861
2.1757179090571,4.16752010541226,23.1726407378858,11.42,13.387659229831
5.03907481237911,7.33504021082452,59.5991219501268,14.46,33.9174333875303
2.68606171881927,4.16752010541226,29.5076809487103,7.215449908436,16.9042320295722
0.3318315,0.353535353535354,2.58376005270613,0.0866080977845684,1.67018326296247
7.39642772144365,12.0863203689429,92.8580830569556,22.95,51.868242519649
9.7926572849714,15.2538404743552,126.117044163784,16,70.7622627140894
2.82743338823081,4.16752010541226,31.0914410014165,3.91243181175,17.8917110264352
2.88427797563099,4.16752010541226,32.6752010541226,44.25,18.2902743400994
30.9471282846934,53.2640817393023,455.539135126659,89.84,252.87863529249
21.5767459095771,35.8427211595349,305.081930119577,107.94,169.645652334811
3.83598268802644,5.75128015811839,43.7615214230655,83.74,25.077884577393
23.8307993319939,40.5940013176533,338.340891226406,490.1,189.367687465737
11.3712441098972,18.4213605797674,149.873444954376,96.7,83.4918187197419
1.00111479097342,2.58376005270613,8.91880026353065,2.48,5.66980074760725
2.67950350784305,4.16752010541226,29.5076809487103,24.52,16.8585554641277
2.1382515,4.16752010541226,23.1726407378858,0.633317417876241,13.1327252904266
3.24545068472103,5.75128015811839,37.426481212241,9.21,20.8416661747711
13.4191577205256,21.5888806851797,179.964885955793,45.6,100.287064424965
3.1101767270539,4.16752010541226,34.2589611068287,14.811249306315,19.8823173542982
3.29867228626928,5.75128015811839,37.426481212241,16.3001001009,21.2202910108664
5.67924568268022,8.91880026353065,69.1016822663636,15.25,38.7179311725436
3.7052583415909,5.75128015811839,42.1777613703594,22.99,24.1337008504616
8.29380460547706,13.670080421649,105.528163478605,16.10072678214,58.8771411964542
4.69213820420315,7.33504021082452,54.8478417920084,27,31.3424564282126
6.87223392972767,10.5025603162368,84.9392827934249,13.832736422736,47.815273518641
11.0446875,16.8376005270613,145.122164796258,29.193825280112,80.8420549869085
3.95329276841899,5.75128015811839,45.3452814757716,55.14,25.9281165729689
6.74692121122941,10.5025603162368,83.3555227407188,45,46.8511702014724
7.63958490321019,12.0863203689429,96.0256031623678,28.22,53.7588727834578
63.468627272253,115.030723794841,1008.2713935211,553.54,559.988073640361
6.26359424114402,8.91880026353065,77.0204825298943,23.51,43.1508517380985
13.6154618849965,21.5888806851797,183.132406061205,47.16,101.912135097377
19.7136284099759,32.6752010541226,273.406729065454,499.2,153.508741009124
7.79114978090269,12.0863203689429,97.6093632150739,34.843991417235,54.9406118681323
7.7931315,12.0863203689429,97.6093632150739,72.0959519034887,54.9560795496934
7.26886515900844,10.5025603162368,91.2743230042494,11.9,50.8790389894089
12.5664,20.0051206324736,167.294805534144,48.5732587694169,93.257556673138
19.190802644169,31.0914410014165,265.487928801924,495.2,149.008993379815
4.84436924199196,7.33504021082452,58.0153618974207,9.88,32.4699021368816
17.1729635026207,27.9239208960042,236.980247853213,76.63,131.767931751999
7.77544181763474,12.0863203689429,97.6093632150739,11.42040707346,54.8180232078075
6.26359424114402,8.91880026353065,77.0204825298943,19.44,43.1508517380985
50.2656,89.6905629515433,783.377466036828,143.990462662338,432.582348317533
22.0208115331534,35.8427211595349,311.416970330402,88.87,173.514338962746
15.90435,26.3401608432981,216.391367168034,334.566000007958,121.037366078077
4.21752619171987,5.75128015811839,48.5128015811839,18.56,27.8529942544963
