"Low","High","Fitted","Sc","Kgp","X0.805157593123209"
2.30011568436886,25.1927199364412,14.3423440020398,2.35619449019234,2.04700706595,0.805157593123209
-0.200456499200001,16.03,8.13464266504305,1.25560709483776,5.72,0.805157593123209
19.3608395403616,236.669160459638,96.1390267944649,11.0474280063749,134.6,0.805157593123209
13.4213424935986,154.519889840244,72.4018301654166,8.01947861678975,275.1,0.805157593123209
-0.709133417648864,7.84824278867,3.58165532922578,0.628318530717959,0.6895435008,0.805157593123209
7.143,59.277,26.1226756652175,3.97411470679109,2.873141491374,0.805157593123209
20.225943395818,276.574056604182,93.8998335438987,10.2669777618452,32.71,0.805157593123209
28.7930396988457,150.795697529,82.9384905178604,14.4997319255512,219.6,0.805157593123209
4.30377253306,52.2917335259301,21.3859663269957,3.07090681888402,6.4827927857,0.805157593123209
11.1691604596384,116.920570569137,52.3114514035074,6.80864189277905,177.2,0.805157593123209
71.2903402959922,421.699659704008,216.994018907287,46.6384814469068,264.86,0.805157593123209
28.441909415456,218.858090584544,94.7087608684035,13.3891177842336,44.11,0.805157593123209
13.1800711870789,135.899928812921,59.2701465868566,6.50737588057049,55.4,0.805157593123209
3.204104231636,44.581309491744,22.1096941755995,2.69412,12.0047893851,0.805157593123209
7.402,59.51,26.3055740669967,3.33760334136388,16,0.805157593123209
6.75196085872,46.16197163018,20.3172665219349,3.15498570372191,26.76,0.805157593123209
47.7470314928338,474.402968507166,184.748525143662,21.5597049071007,49.13,0.805157593123209
8.10705157453,59.64094842547,27.7383891223608,4.21627367151609,15.99,0.805157593123209
7.05797059275,60.151853966,26.5164675926748,3.9438081173001,19.83,0.805157593123209
30.1773173799286,236.542682620071,104.443597287591,13.0245328968838,41.83,0.805157593123209
1.16404926064114,28.6772152225789,12.8509389618382,1.94349534512827,9.93,0.805157593123209
23.71639194524,237.28360805476,109.571349459542,13.1386415209822,140.15,0.805157593123209
10.794572241648,61.800734114512,30.6999080844761,4.90873852123405,9.70374219276,0.805157593123209
7.42316743315,46.05683256685,23.8035871946013,5.47676979631323,45.3,0.805157593123209
14.3913708765175,112.251365546218,48.3643873443611,6.66338170134786,33.4,0.805157593123209
2.02700706595,33.14,14.9682163182547,1.50806097553669,6.9,0.805157593123209
19.403870391256,159.846129608744,79.9240596351924,12.1145960292353,273.86,0.805157593123209
30.5383103519262,275.013689648074,116.194077081973,11.6534599435494,198.9,0.805157593123209
2.09130938931382,21.29526560432,8.61345119613343,1.41371669411541,6.404379110745,0.805157593123209
0.483455588,21.0031194056338,7.97336764784515,0.847706448427342,4.98,0.805157593123209
17.66628011668,136.83371988332,70.5822392872275,12.3187355404316,31.37,0.805157593123209
136.923377299784,791.02951187293,415.455978219337,57.4125855593495,152.5,0.805157593123209
2.25137695326457,57.4087014562154,21.0463333494551,1.83146630316035,8.77,0.805157593123209
3.2652087539,44.56967047749,24.0455636843208,3.96549742668342,24.26,0.805157593123209
4.32507418884,34.033,17.909940413544,3.08754569888708,5.56,0.805157593123209
24.9802835041846,274.489716495815,114.77950833587,14.3759516068051,47.75,0.805157593123209
47.6765015763698,407.87349842363,158.944337788892,24.9287121549419,48.65,0.805157593123209
8.602052607252,57.817947392748,25.2735677057723,5.335488,62.39530635616,0.805157593123209
3.047191092484,24.8177846718,14.1011626526142,2.835294,19.199563439012,0.805157593123209
47.07700706595,237.42399293405,129.575829059145,19.6884038940857,61.1,0.805157593123209
10.198179553156,113.647275947226,44.8791376347968,6.09639508638424,107.58,0.805157593123209
46.35,327.98714763178,147.752203650058,29.6984174672105,121.59,0.805157593123209
11.6728611791695,113.406844544029,51.89486148983,7.76981719293575,61.8,0.805157593123209
7.1083121578,57.9216878422,29.3619570358296,4.25588213098292,11.5,0.805157593123209
5.73977944925,97.44301333645,38.5461516571136,2.76629765963755,21.33,0.805157593123209
4.52408724691,37.9059435993001,22.089397191543,2.84503750817752,23.66,0.805157593123209
37.62175721133,186.54424278867,115.072501926058,25.073282124326,124.8,0.805157593123209
22.2685584627261,206.111441537274,91.0230047950873,11.8473069767553,47.63,0.805157593123209
12.1434321279615,66.38712187045,39.7483321543713,5.8082582941149,245.4,0.805157593123209
73.458520179264,452.176358115237,264.158151055664,38.8181092508762,88.12,0.805157593123209
7.02003310415075,46.2846795422714,21.9838734111478,4.97087915220543,15.17,0.805157593123209
1.24520944741533,13.1801001065847,5.45228047200368,0.812887099116359,0.952806250704,0.805157593123209
104.663793449198,592.116206550802,344.238486738309,60.5111999652808,626.57,0.805157593123209
72.7768240862945,476.433175913705,214.885205199394,32.7174143169032,168.5,0.805157593123209
20.02625780724,198.77374219276,79.4594153712545,11.945934,68.911390215177,0.805157593123209
20.066481657104,208.653518342896,89.6620808194642,9.78937298533103,30.8,0.805157593123209
7.39498996307739,62.562381901104,35.1479026346947,5.35220481407267,9.83,0.805157593123209
7.457062245564,68.0389377544363,28.3989160021579,4.47654258136622,34.2,0.805157593123209
3.14396567716,34.27968175524,16.1462191167936,2.49996531447736,19.6,0.805157593123209
1.64302664064,36.03060181652,16.808093867453,2.12697127758583,11.66,0.805157593123209
0.186627433685833,27.757263577264,12.1883908072029,1.78942462479031,26.3,0.805157593123209
13.901067846344,111.903551105782,45.6826123954673,6.9708,28.16703168403,0.805157593123209
59.6980000000001,414.682,196.92676152385,28.2744,24.4512406098803,0.805157593123209
3.71382343891857,33.4626826200714,19.2249337145516,3.00495709478695,14.14,0.805157593123209
-0.0623229244906847,12.0929559944029,5.2266082579866,0.392699081698724,0.927249785,0.805157593123209
10.993601534382,129.841853966,44.062413616157,5.5154715,7.56206550802139,0.805157593123209
7.177275947226,57.075724052774,27.9540191172935,3.65156812552967,110.7,0.805157593123209
85.7010604717,466.7389395283,246.129156880184,33.18315,191.968101126814,0.805157593123209
3.18807734091,41.5148100110106,19.0723230305988,3.00495709478695,12.64,0.805157593123209
10.552040707346,114.11,48.1339079240503,7.26644386915473,136.13,0.805157593123209
6.770081209584,45.707992979256,23.2446988526436,3.54206267466724,18.16,0.805157593123209
2.0539674669,12.1903420871,5.6143203187714,0.376991118430775,0.483455588,0.805157593123209
47.1936401833461,328.769392686052,152.340094938006,20.0302549530026,113.31,0.805157593123209
-0.454690446,15.898,6.54490289031053,1.42942465738336,8.06054755506,0.805157593123209
7.41150042087,57.61849957913,29.6043046800213,4.59325788559698,23.3,0.805157593123209
12.0536145495426,115.47257497172,58.4482883563244,7.0527197104644,53.3,0.805157593123209
23.000950311944,218.379049688056,95.2697457027847,13.6154618849965,46.88,0.805157593123209
0.686574993633817,14.9787345603662,6.47371719575693,0.783553315109649,2.9,0.805157593123209
87.650825536787,500.419174463213,269.769689528982,47.381721019632,203.56,0.805157593123209
39.29982455875,545.70017544125,188.598944422754,15.2747866751183,662.3,0.805157593123209
11.2585455500382,107.64,45.2319346602347,6.53830869034767,99.99,0.805157593123209
7.22128349091,47.34871650909,24.2052232698027,3.91426478990672,60.11,0.805157593123209
28.0759455994808,272.861426678976,115.464752526146,14.990214998009,31.88,0.805157593123209
22.417275947226,236.662724052774,100.456458691062,14.1862875,129.121424592564,0.805157593123209
11.0183467945105,138.468679898539,53.4778601947832,6.59874254542341,54.07,0.805157593123209
9.09712187045,129.41287812955,43.4325664378732,5.28382638717092,17.9,0.805157593123209
2.357331520544,24.023870391256,12.3945949484958,2.47708516203665,31.78,0.805157593123209
39.386946878041,221.89809319708,115.671149720477,23.5189985467557,90.82,0.805157593123209
3.217979603911,27.037263577264,15.4745853339506,1.77851122599187,34.96,0.805157593123209
37.97414169994,274.55585830006,121.299976993515,15.4648423770481,77.54,0.805157593123209
9.508618034326,44.8474366991962,21.9492837251297,4.90873852123405,5.345680057564,0.805157593123209
31.59866929698,186.34133070302,103.616268085427,14.7110688877227,44.3,0.805157593123209
6.991470793076,83.92580515415,28.1590033383932,3.01433764489561,16.14,0.805157593123209
19.9960835638,184.3239164362,79.356396607489,10.4413374393672,159.35,0.805157593123209
94.48,484.11,270.577569484358,37.4502861120852,165.83,0.805157593123209
29.74315271666,185.33684728334,90.5884468029706,12.8853749045155,30.52,0.805157593123209
153.08,522.683000000002,344.911082586932,47.6719350509061,165.05,0.805157593123209
12.13,107.5,43.380279909439,5.9395875,11.035455500382,0.805157593123209
23.4427157242222,218.757284275778,102.264699718252,11.7456599101969,334.6,0.805157593123209
2.97305521299,45.6650000000002,20.2590799632964,2.82743338823081,9.21516726284,0.805157593123209
-2.831765990944,15.657,4.93975432559521,0.901095071701064,20.8,0.805157593123209
6.52984210287501,46.1947126464222,22.5564688162912,3.90426550284224,7.7,0.805157593123209
30.1695658702211,205.850434129779,99.3367378395543,12.014577097192,65,0.805157593123209
1.12105501046,57.49197163018,22.8145922239915,2.5334161819294,20.16,0.805157593123209
28.512966124256,218.787033875744,101.12204547465,12.2860910420409,34.96,0.805157593123209
0.291201911799999,37.77,18.2296676593887,2.25312412607655,11.44,0.805157593123209
7.6913156474,62.12242654536,30.9836027746857,4.15854542210385,6.34,0.805157593123209
2.455140655044,33.354937754436,14.0942727427014,1.97885432993418,13.66,0.805157593123209
2.9233518625696,26.55273352593,14.1644920546874,1.75929188601028,2.8983325602,0.805157593123209
11.502459680712,136.047947392748,52.2447610716743,6.44786614013689,36.3,0.805157593123209
24.1911155060763,275.087884493924,109.028265855039,13.7359211383575,69.46,0.805157593123209
-0.609234945618,15.119544499618,5.26449696179622,0.549778714378214,0.7163245936,0.805157593123209
11.4676775264744,161.867729546986,67.221360270455,5.76492795635891,41.68,0.805157593123209
36.5716519941216,273.04659109857,122.031669307436,17.672123474645,407.8,0.805157593123209
20.1983999388311,208.50343105493,81.179479085285,9.94391038721708,81.4,0.805157593123209
8.988203069159,63.0157805297752,37.132881317803,5.27787565803085,10.34128655868,0.805157593123209
0.669379163839998,21.3853461823774,10.2054591924682,1.48399131683412,40.6,0.805157593123209
55.59,424.045911089743,168.469662853897,28.2744,327.50714763178,0.805157593123209
36.994164870144,258.902143133996,127.660709134293,15.7497720496456,51,0.805157593123209
144.462542542918,791.116066446132,491.679866011734,60.5111999652808,746.96,0.805157593123209
31.3006497819,307.5793502181,138.493319812652,12.3490257244301,119.86,0.805157593123209
25.99712187045,218.11287812955,100.771608720345,15.0092715960332,22.88,0.805157593123209
1.66741177694,27.182736422736,13.9023500122233,1.75929188601028,2.9405521299,0.805157593123209
54.8620570679503,372.778899244121,168.536712601942,31.579127204987,118.03,0.805157593123209
35.79,332.55,123.503835604667,15.4650566666033,38.67,0.805157593123209
14.2170864347167,153.96849957913,62.7857852813953,7.82216480764602,30.39,0.805157593123209
16.225948361084,177.074778421056,79.1173135092141,9.42477796076938,41.97970486171,0.805157593123209
31.7032394604,184.1567605396,92.269324332765,14.1862875,19.6483099376114,0.805157593123209
35.963825280112,193.164275846702,122.712928146235,23.3426206311694,48.49,0.805157593123209
4.47603084621,61.06396915379,26.4632588923113,4.07856772512986,9.75,0.805157593123209
6.79223000652114,34.5899521067389,20.7193085783665,3.22356055227119,7.74,0.805157593123209
14.05182472884,96.22817527116,47.0963606241737,6.29343383571323,20.5,0.805157593123209
16.3463326719,516.15439411024,155.72134349476,8.78667132170238,69.8,0.805157593123209
6.36287812955,55.39,25.1649374086496,3.6305115,40.7904555401706,0.805157593123209
6.81072193417,58.31910262458,26.0359606897071,3.85263059010026,6.5,0.805157593123209
0.927249785,15.0671138328,7.00591672628462,1.11351731792849,5.34,0.805157593123209
2.32675581048,28.4386579129,14.1043353046306,2.74494139749545,96.7,0.805157593123209
11.3417199364411,113.914469584822,44.5290135388195,5.77146725368167,129.8,0.805157593123209
18.40460675111,159.93539324889,70.2435488942043,9.58410153182835,150,0.805157593123209
1.44541321189221,33.3361289959,14.4623321237047,2.13183657378338,14.91,0.805157593123209
85.531,392.919,211.138580349058,43.3745093129399,153.66,0.805157593123209
3.734191129053,33.689456303347,16.0326586320634,2.38761041672824,17.918791495605,0.805157593123209
4.04243181175,32.99,17.776650814315,3.45575191894877,7.18218211326,0.805157593123209
11.0747126464222,138.815287353578,55.1617840175526,6.605214,113.256189521263,0.805157593123209
8.95142310096887,59.7327847774211,31.4578104953718,5.18675012100722,12.83,0.805157593123209
21.492725813804,209.097274186196,95.3321816507376,10.5989497522145,41.32,0.805157593123209
6.78714840478,56.386795278876,27.2503382688569,4.59990124086954,35.6,0.805157593123209
0.686574993633817,9.28271572422218,5.50528953496306,0.75398223686155,0.8543636178,0.805157593123209
0.7163245936,12.8328559645,5.15462344392323,1.11351731792849,5.96,0.805157593123209
5.72778862416618,32.9522113758338,17.997780311342,3.2187012767428,26.8,0.805157593123209
6.65058140986618,40.6226669160044,23.122652582129,3.22897258220811,60.65,0.805157593123209
3.047887312132,29.6465444996181,17.6151779160511,2.24702967134436,16,0.805157593123209
11.338656519604,107.531343480396,43.4409305836943,6.72746442720521,49.2,0.805157593123209
6.96321821132601,56.785,27.884832857076,4.523904,45.6847126464222,0.805157593123209
1.74729992379075,28.0992522061093,13.8956463511265,2.16977738511463,6.56,0.805157593123209
15.72235755451,112.72764244549,53.9697891498453,6.47355157513535,9.9,0.805157593123209
12.1423237144448,146.757676285555,54.2780690679143,7.37196001567227,26,0.805157593123209
29.77698666355,236.94301333645,107.456655477891,14.5358421596949,67.89,0.805157593123209
5.22810798664,51.2128693516,24.3862033601571,2.87046510616496,85.8,0.805157593123209
32.8796122984575,334.2709459362,134.001140896828,14.8617315,121.874970596193,0.805157593123209
15.7843462169789,129.655653783021,59.3107113350906,7.25707902979242,56.71549298184,0.805157593123209
84.0060675111,468.4339324889,253.44428566355,44.3765827427424,224.91,0.805157593123209
0.393037949766001,10.16119605929,4.89106771640508,1.11351731792849,6.8,0.805157593123209
0.954951297222996,26.760047192605,12.1448160550983,1.70267684825593,24.8,0.805157593123209
28.4700000000002,306.83,101.643896823879,13.7719470546853,52.24,0.805157593123209
12.2,102.36,49.3576318426829,7.66424142672499,154.38,0.805157593123209
26.525397817676,208.325602182324,101.03497900993,11.0086223443712,321.7,0.805157593123209
6.49552966986,85.78726311584,30.3202264988403,3.1101767270539,3.53541372338,0.805157593123209
2.27352017926399,26.535,16.2655723679979,2.33342362280294,7.24,0.805157593123209
19.75,383.270000000003,170.295130818352,8.24668071567321,21.45449687073,0.805157593123209
-0.213928561,16.54299003876,5.99901724951472,0.628318530717959,2.550148199676,0.805157593123209
6.61780889522,43.19219110478,20.9601279698262,2.98040214608355,17.11,0.805157593123209
6.71528182477383,52.6345427339762,23.7818669184213,3.45678847415858,12.87,0.805157593123209
1.16377383276,13.4228011608738,5.78527172375915,0.302378292908018,0.525309554,0.805157593123209
1.3093018554,12.2398787027,5.10528121729655,0.628318530717959,0.19435296342,0.805157593123209
6.65,61.9,31.4228072002381,4.8335272719076,45.9,0.805157593123209
11.832736422736,151.37,54.5045743817615,5.99344748933092,24.18,0.805157593123209
6.65473209555,52.4971460340001,24.5044239934547,3.3465810292407,16.99,0.805157593123209
12.1736868870544,183.296018836144,76.2160617691982,8.77216916965879,29.92,0.805157593123209
13.5682049732224,113.030876759366,48.2617422634784,6.92075466719729,22.35,0.805157593123209
13.8206735186358,154.3920629041,56.3198620120549,6.49312175392254,18.99,0.805157593123209
7.023515532848,73.626484467152,26.9673065156549,4.33539786195391,12.62164303323,0.805157593123209
9.71932149251457,76.3306785074855,37.7836372198939,5.35220481407267,23.76,0.805157593123209
17.623690756334,156.188533915468,68.4853239738899,7.71426975390434,96.01,0.805157593123209
3.26971077927749,34.3803676302025,16.8191663899756,2.04464556608368,14.99,0.805157593123209
51.95,331.06,152.012452101118,24.4811855785969,153,0.805157593123209
6.85592575276,50.1730742472402,26.2314116832143,3.75235284380555,23.83,0.805157593123209
2.085750693414,35.757275947226,16.8576433869067,1.72786883275864,13.9,0.805157593123209
0.100083624102001,29.34705176884,10.8762017489596,1.46488694600814,6.73,0.805157593123209
6.022062259752,53.405213687474,23.6315204091287,4.29588887335243,18.2,0.805157593123209
-0.16200927015779,21.4454648581578,6.80942181379812,1.04587584913439,3.71,0.805157593123209
49.4240692269,317.11347714354,131.86570443316,22.9728962793754,153.09094075506,0.805157593123209
5.22904340942,53.1459565905801,23.2653076448003,3.71567036139405,26.42,0.805157593123209
5.778462396784,85.34750167295,29.4696697318662,3.14159265358979,7.2739324889,0.805157593123209
7.86649166650925,59.7767605396,30.1100839421959,3.95458551728256,21.49,0.805157593123209
48.553343458326,285.365433446754,138.010796650501,22.1248785000523,61.83,0.805157593123209
47.73,447.192086993889,188.384217984585,29.6984174672105,111,0.805157593123209
1.23886618873099,14.470314369369,6.95324899285173,0.188495559215388,1.16377383276,0.805157593123209
22.61817527116,150.308358644308,76.311648984816,11.0446875,68.5175979596384,0.805157593123209
49.11608534126,299.320944715081,152.564395733543,28.2744,54.4499514578559,0.805157593123209
47.11995585566,349.960044144341,150.820230259418,25.5089828399749,104.66,0.805157593123209
19.3657249701,218.5242750299,104.171755266536,10.0297132191992,39.5,0.805157593123209
29.423248684861,273.630576595251,109.700004041764,12.9935891225476,236.2,0.805157593123209
31.5562001829789,198.713799817021,101.992191844579,13.1642843384143,32.35,0.805157593123209
2.603537272644,33.660110159756,14.8097875874321,1.89257619358022,23.95,0.805157593123209
48.510697529,371.179302471,168.447043171735,29.0817487402443,84.87,0.805157593123209
32.2260675111,334.2539324889,127.311733791779,15.182409486042,61.71,0.805157593123209
6.6196520247114,57.1916900623886,25.0782791446602,4.41362126611124,37.9,0.805157593123209
6.690066971896,46.272725813804,19.8028097063543,3.54371664025958,27.16,0.805157593123209
21.21644995232,185.67355004768,79.6592681983956,11.6862830873991,44.5,0.805157593123209
43.685835129856,317.94855660354,138.962694441352,17.4227269502546,54.27,0.805157593123209
11.193981163856,83.836018836144,40.5756379700707,5.5154715,12.3691604596384,0.805157593123209
47.1363031203171,335.179696887641,145.919246921723,18.7692286075859,86.3,0.805157593123209
86.6039094154561,484.058090584544,265.393550573847,50.221141148451,498.33,0.805157593123209
4.18151600468421,33.1584839953158,17.9513863016641,3.25154839646544,6.57807418884,0.805157593123209
9.109412600832,86.5200428995502,39.942857042062,5.41924732744239,8.99995585566,0.805157593123209
19.2300331041507,169.699966895849,76.4263459507272,11.5166510679947,62.8,0.805157593123209
41.0229206694872,306.703119405634,130.63580932149,17.7205875,36.0182430926916,0.805157593123209
8.162378531936,61.777621468064,29.113679581812,4.34709039018028,31.4,0.805157593123209
8.977478615496,58.626263577264,29.5369159076948,5.3272374470957,30.5,0.805157593123209
49.0221289959,420.822892674439,177.288509286467,23.2374695231728,139.84,0.805157593123209
0.895309553999997,22.33,8.54364272321718,0.934623814442963,2.643094003858,0.805157593123209
88.1,500.07,307.09793582328,38.4846,40.5783279220779,0.805157593123209
6.318911740064,42.463881045636,21.2509296935677,3.45575191894877,7.09982455875,0.805157593123209
10.830995484497,74.924544499618,39.1769432024372,5.78545,155.9938850518,0.805157593123209
0.216815578554002,23.19625780724,10.4306354602335,2.0907057757267,8.16,0.805157593123209
7.95974917239624,54.8202508276038,27.0720785382077,4.04907032648517,58.03,0.805157593123209
152.711131658779,553.328868341221,420.861497052222,72.6488955856787,774.45,0.805157593123209
103.12,460.98,237.047294474426,48.3693825288549,261.85,0.805157593123209
3.117229741998,33.52530635616,17.2346125075694,2.71018418188761,10.9,0.805157593123209
8.87240707346,110.128,46.4513233331806,6.82422647761764,19,0.805157593123209
40.6110400751211,274.475,130.148331316696,21.3889076454037,474.4,0.805157593123209
7.07692313895484,58.1259189639202,28.2649758911783,4.44013486816265,83,0.805157593123209
8.19374219275999,59.41,29.3996741447146,5.05796417227957,5.34056616632,0.805157593123209
6.04603084621,57.8899691537901,26.1138047361285,4.90873852123405,13.1489924412,0.805157593123209
16.035940372004,154.654059627996,60.394587101083,6.82422647761764,14.57,0.805157593123209
0.483455588,15.085835129856,5.64450716043136,0.470198845625211,7.29,0.805157593123209
46.05,409.5,143.762350806233,19.9818677361605,31.96,0.805157593123209
21.7,273.23,112.8250497048,8.00561036984528,27.25,0.805157593123209
1.72480237395533,26.54040707346,13.133729706258,1.95663150469561,22.7,0.805157593123209
57.738234164344,409.345765835656,203.115092060155,38.9688962489347,127,0.805157593123209
153.511343699866,592.14175037564,370.102661317511,50.3295441786651,74.81,0.805157593123209
12.11,100.83,43.8196155819429,6.51549037699114,75.6,0.805157593123209
88.7862001829789,591.863799817021,293.817897961397,49.4022404239996,174.49,0.805157593123209
7.62,46.7660000000001,24.9615637111503,4.68612031762758,78.1,0.805157593123209
41.322058911265,375.933981163857,146.225925890754,23.5978931004504,88.11,0.805157593123209
41.8401924843789,406.829807515621,153.733654907191,17.7205875,41.226040075121,0.805157593123209
39.03209835731,665.09790164269,313.789199781597,15.2269001713539,52.84,0.805157593123209
7.09982455875,46.38017544125,25.5027659511006,4.15854542210385,11.81,0.805157593123209
8.486467742016,95.813532257984,41.822670972325,5.8346695,44.72527160959,0.805157593123209
19.9480806975154,208.590229240096,89.4724377149203,9.57690513819644,149.52,0.805157593123209
-1.577690446,17.243,6.02651724574614,0.329867228626928,0.5502410298,0.805157593123209
47.0872320293766,373.082767970623,175.572107077355,27.8827648317117,106.57,0.805157593123209
7.053021321346,55.539856808204,29.2316353183722,4.59325788559698,22.5,0.805157593123209
2.32518382172058,27.0884636106795,14.5878633392686,2.15299218450687,25.75,0.805157593123209
86.14011908034,519.571880919661,301.612995413169,50.3295441786651,288.44,0.805157593123209
16.86,337.68,138.265673718515,8.11839869464054,149.37,0.805157593123209
38.7879813814,218.9620186186,119.841017987073,15.3793155046184,49.1,0.805157593123209
32.13439411024,290.504308895394,127.204055597381,16.4323032060657,99.28,0.805157593123209
7.574778421056,58.155221578944,25.8377913118043,3.98243242161825,36.52,0.805157593123209
9.81410792442,77.49589207558,35.3839327530498,4.71238898038469,23.17350318591,0.805157593123209
0.5941120339,15.1150685242,6.45692813611423,0.604756585816035,0.99738943458,0.805157593123209
13.3399521067389,135.740047893261,61.0196588825588,7.25843912735392,23.47,0.805157593123209
7.261916291715,57.79192581116,26.1879113597703,4.26079490384341,7.62,0.805157593123209
0.99738943458,12.631901283276,5.70994860116155,0.494800842940392,0.5691805581,0.805157593123209
53.6081271485867,422.081824309269,215.960493635876,41.2584691169538,165.6,0.805157593123209
43.471179883,292.840820117001,135.987208876967,23.2374695231728,71.37,0.805157593123209
1.64302664064,33.52398042531,14.8075163570474,2.53683606777376,2.69007840948,0.805157593123209
7.47129794276,63.01904414434,29.8049058526939,4.60519335397861,22.49,0.805157593123209
20.828665867408,127.723476591848,70.6997892077368,9.30550046030555,19.83,0.805157593123209
8.17529139392114,61.1631950973549,31.2382855128274,4.83805268652828,11.605539984115,0.805157593123209
-1.1308194419,16.61,6.151587579626,1.17809724509617,1.3093018554,0.805157593123209
8.636021666702,102.38943383368,42.3378327907857,5.91406631156166,35.79,0.805157593123209
60.0390685242,418.335054343129,200.465056075136,34.678286519662,141.34,0.805157593123209
5.370611533364,55.9550685242,23.9388250968796,5.20208781075754,10.2,0.805157593123209
1.78516790039621,32.736374307396,13.7271006934016,2.12697127758583,16.3,0.805157593123209
19.0089395283,184.4710604717,69.6027773268708,8.77216916965879,12.17,0.805157593123209
71.2400000000001,454.06,233.890176346114,32.8583067749098,104.73,0.805157593123209
5.04463067131339,58.09491768119,26.8848084299248,4.69744,40.65269711813,0.805157593123209
21.18887812955,185.51712187045,88.3898197877679,8.82294764853397,47.2,0.805157593123209
49.3146644617389,459.675335538261,178.006415936984,23.8195976574383,91.2,0.805157593123209
12.6617538594153,129.038246140585,53.1806112398948,6.0547554877369,34.6,0.805157593123209
22.8627927857,183.2172072143,87.6436398171613,12.2418163473475,126.6,0.805157593123209
21.07747878236,218.87701808837,99.1376994498974,11.6159632487403,19.9,0.805157593123209
-0.813950440209999,15.04719897758,4.43896191583002,0.597588457171335,12.98,0.805157593123209
75.109770759904,466.420229240096,234.693820601852,43.3745093129399,231,0.805157593123209
2.85222536522,33.96897654658,15.3626727217993,1.8063769806205,13.2,0.805157593123209
7.35731737992857,46.8226826200714,26.2603328355044,4.94800842940392,15.06139939612,0.805157593123209
22.46,199.32,97.2294345881033,11.1447999386098,112.28324709294,0.805157593123209
21.04982455875,276.25017544125,106.179716893322,10.6589655,39.555631751228,0.805157593123209
49.530011137544,316.591535232896,145.184302135053,29.4532,258.95630800414,0.805157593123209
143.882150504538,747.0683121578,421.92407000073,65.6551413279126,483.7,0.805157593123209
20.22549687073,160.579,82.1351748901053,10.178784,106.401126416476,0.805157593123209
1.715697574206,26.643309491744,14.7522343251249,1.94639318424804,51.8,0.805157593123209
0.72906147776,9.556172531296,4.94290758061774,1.12311937365835,4.20776633662,0.805157593123209
7.005570885544,54.796503303296,24.3993313983425,3.61283155162826,6.61287812955,0.805157593123209
26.4079440432722,221.352055956728,93.4835798717337,11.8641717492678,51.4,0.805157593123209
3.518,34.822,18.3002292552243,2.44367039660178,84.1,0.805157593123209
7.56619324993,61.42380675007,28.4244481231686,4.28462435816938,11.65,0.805157593123209
37.0152435923989,218.644756407601,120.111577003603,16.9246355241179,40.87,0.805157593123209
1.46406645219983,20.25982455875,9.31049897874279,1.41334453541394,15.12,0.805157593123209
9.38707643252956,55.5829235674704,28.2787437167237,4.64779479622104,24.49,0.805157593123209
41.297096783921,197.9569432912,109.846483179958,19.7124253787546,94.89,0.805157593123209
87.51759761095,414.68240238905,216.91190472619,37.6991118430775,442.99911089742,0.805157593123209
0.724366989607463,34.31128655868,13.8742487401801,1.2271875,0.339109371021136,0.805157593123209
5.19007118707886,25.5199288129211,15.0693023657944,2.08342915105884,9.99,0.805157593123209
9.66999165542166,109.200008344578,39.4992306247597,5.97779018127769,29,0.805157593123209
41.295796946921,334.900243128201,147.582445012216,18.7251383744388,60.3,0.805157593123209
6.16703181833002,87.2229681816702,32.938984892065,3.03805472078754,13.91,0.805157593123209
18.174550091564,156.920789063116,75.1816424634825,9.90538786182508,22.4,0.805157593123209
30.1695658702211,184.840434129779,82.5645941793586,13.2085160693331,51.8,0.805157593123209
12.350798241614,147.599201758386,60.8499568850119,7.5398223686155,26.86574940357,0.805157593123209
70.98287812955,376.820121870451,180.3061764482,31.2451139348167,330.8,0.805157593123209
32.29664036645,250.49335963355,113.206254163494,17.8994613568204,80.43,0.805157593123209
22.7163903983461,186.274609601654,94.4795090036805,14.5944835711749,372.5,0.805157593123209
7.05029733947,58.0549314758,25.7732732501082,3.57814604131953,31.5,0.805157593123209
6.04409132948457,44.6887014562154,21.3753019533196,2.9845130209103,13.321621443515,0.805157593123209
1.85910937102114,10.89,4.87729538467624,1.09587720111179,5.22,0.805157593123209
48.4304691916216,371.709530808378,165.83063207154,28.2744,158.593930640438,0.805157593123209
13.529653517379,113.55927242662,51.9175304283918,7.26886515900844,11.29,0.805157593123209
10.93510479845,138.14489520155,58.3398381779404,6.47355157513535,22.09,0.805157593123209
59.07764659773,491.32235340227,214.995229943575,25.330854619772,103.6,0.805157593123209
26.08,272.32,96.1805127405307,13.4904228119858,289.2,0.805157593123209
0.409363617800025,15.545,5.559905512336,0.75398223686155,0.429290717856,0.805157593123209
0.6895435008,13.3357660532,4.95030181190326,1.06243940311197,4.63,0.805157593123209
75.847000843704,498.622999156296,246.182225519544,40.8183596709768,184,0.805157593123209
6.9882572737362,58.0115672850138,26.0885365120033,4.17419803158876,12.94,0.805157593123209
23.7249314758,321.6750685242,118.792841595509,10.8990483712791,55.25,0.805157593123209
28.3130535708,160.0729464292,83.8263360923638,12.728775,155.26533915468,0.805157593123209
12.08469309142,130.83240010566,54.594730366336,5.81061524021754,34.5,0.805157593123209
22.5849368510895,274.640063148911,109.954841254439,12.5664,32.5505582346575,0.805157593123209
74.165,420.249122867329,214.021584779607,33.18315,284.916418783422,0.805157593123209
146.699046266234,625.85,372.555969362565,60.1321875,473.163216911765,0.805157593123209
8.294572241648,73.555427758352,32.4927645413956,5.33099425733428,37.66,0.805157593123209
6.95832214755825,56.1215024111917,25.8018492619021,3.97411470679109,4.47603084621,0.805157593123209
40.45335963355,291.34664036645,129.669786083595,17.0907006416106,56.22,0.805157593123209
26.32117955204,273.77882044796,101.720096948651,12.6161945947292,218.5,0.805157593123209
16.6663837840338,336.234342998106,129.001226048433,8.26904068893588,183.2,0.805157593123209
9.88695768696456,115.682476247973,50.8597091300319,6.49312175392254,29.37,0.805157593123209
14.31,136.39,60.6498000934604,7.77544181763474,19.46298972926,0.805157593123209
13.832736422736,137.717263577264,58.1832276999935,7.01520189862998,36.2,0.805157593123209
27.300924833123,220.73824963009,109.855595632784,14.1862875,57.2017810988032,0.805157593123209
7.8296505904434,56.8216914966566,28.3085812109626,5.12361885291093,60.03,0.805157593123209
13.1411194056338,112.606880594366,51.8826925693709,6.80244584075079,50.4,0.805157593123209
14.48,114.416189521263,54.289292388957,6.24800553882345,12.95,0.805157593123209
47.65005800708,317.57148836336,156.769098765083,30.9471282846934,85.72,0.805157593123209
40.899667105121,334.895772977162,150.993795498653,18.968585933983,66.58,0.805157593123209
54.3539326217119,460.596018836144,182.309451175686,29.6984174672105,103.13,0.805157593123209
4.094958502096,25.846018836144,14.8551917023502,2.71018418188761,12.97,0.805157593123209
71.9112410492,498.1687589508,252.623777119568,50.221141148451,452.86,0.805157593123209
0.585493175440969,12.7856161955802,5.59921998665643,1.02101761241668,4.051749082304,0.805157593123209
5.5,42.879427406317,23.1945991472482,3.61283155162826,4.597982928,0.805157593123209
15.5228978815263,150.097828900614,67.0625435428464,8.48230016469244,50.844347417325,0.805157593123209
14.070810611576,155.75581086296,69.0743496067136,8.2347260524432,29.8,0.805157593123209
4.519230111764,63.1382759472264,26.139673848793,3.26439907287287,12.01,0.805157593123209
47.3995658702211,372.625434129779,150.680272583162,20.8307715,57.7231118299593,0.805157593123209
1.74922239415,33.6777846718,15.8664873576478,2.07003099369508,9.61,0.805157593123209
18.54,169.84,76.5116895905405,9.36070584059755,72.8,0.805157593123209
102.92072678214,495.72227321786,261.540324651626,42.4006019741283,235.92,0.805157593123209
-0.3063007660944,15.83433986708,6.68595302837486,1.22705542625133,5.66,0.805157593123209
147.04,552.7,343.700367670837,54.2518386844675,360.9,0.805157593123209
1.288931011522,25.60820438142,11.6109103318115,2.00823708041005,5.85,0.805157593123209
0.775358228956,8.4539324889,4.32366716655306,0.714712328691678,1.49359816452,0.805157593123209
2.83287119518,40.6476627544706,17.4416499421726,2.65031420262222,36.2,0.805157593123209
10.256101194012,109.3040567088,48.6960287492568,5.85848924891699,22.23,0.805157593123209
-0.0509385222399941,13.98,5.80029252975714,0.494800842940392,0.358234009056,0.805157593123209
6.490271425698,61.179728574302,28.3434755202377,4.64413707323271,40.5,0.805157593123209
43.2763670679846,408.263632932015,143.892916619745,15.9993910132849,70.5,0.805157593123209
8.28138998036114,38.8622218185519,22.665089862836,5.48956720902063,137.9,0.805157593123209
9.75600000000004,76.008,37.4184309365373,5.7776162883491,18.27,0.805157593123209
52.47,474.14,193.959557372845,23.75835,27.3373722784568,0.805157593123209
1.12671818542982,26.6096064081702,11.0223460324356,1.42942465738336,4.27332362226,0.805157593123209
9.45,77.8959519034887,42.3671946723905,5.91505429529318,204.8,0.805157593123209
33.4952477731405,288.62175222686,122.949602275199,16.332723041814,112.3,0.805157593123209
6.40017544125,55.23982455875,24.9094524317282,3.15498570372191,16.16,0.805157593123209
5.65401027074,36.38298972926,17.401801835363,3.40159194598492,14.99,0.805157593123209
34.0412430926916,161.899,100.849572542814,17.7003848865164,134,0.805157593123209
0.511636613929988,12.327654103926,4.58313911426023,1.0386915,0.686574993633817,0.805157593123209
7.72974959996618,58.0002504000338,26.4327368248498,3.80513674842412,13.2,0.805157593123209
43.2574275396846,473.482572460315,182.024137486196,27.8221837203822,165.07,0.805157593123209
47.712736422736,333.683263585222,140.100869478043,28.7944580612945,107.83,0.805157593123209
0.77257602807,26.4642339468,12.1609566343395,1.54266435671408,7.92,0.805157593123209
0.276181401804,14.952999156296,6.59640639198923,1.12868044147555,5,0.805157593123209
1.40154220779221,27.2602934130178,13.2874425032881,2.40331837999619,9.85270408892,0.805157593123209
-1.084599674226,14.063780232326,5.15354473161221,1.20440219346226,27.02,0.805157593123209
22.0068302084761,208.583169791524,107.03234965377,10.6611991788202,24.8,0.805157593123209
33.876566407953,172.747676684739,100.628529267062,18.7692286075859,113,0.805157593123209
6.78867450575,47.9083254942501,24.6778877191002,4.21627367151609,13.34,0.805157593123209
10.13519814965,137.89480185035,47.5243427030596,6.86225937305253,25.87,0.805157593123209
28.007,171.613,90.0639012596847,12.3700210735098,70.1372008337,0.805157593123209
44.4413420871,300.945687969241,140.696418836827,30.2617067054091,229.47,0.805157593123209
2.45850748682,31.36849957913,16.1268204709143,2.08586717814544,9.92,0.805157593123209
49.020827468704,442.628283428716,179.062414520117,30.6796875,195.957619166985,0.805157593123209
49.455539823704,459.694460176296,162.667947773882,23.75835,27.1282722179781,0.805157593123209
1.73007840948,32.874,16.5293798983383,2.68606171881927,13.9370503657,0.805157593123209
56.6704691916216,442.548641705798,185.664525208178,21.3114621653838,162,0.805157593123209
7.2405875171784,45.5734145558422,21.6792571394251,4.07189586921463,27.86,0.805157593123209
1.43365532387,33.254778421056,14.0828854263519,2.010624,1.40154220779221,0.805157593123209
35.619772513246,218.940227486754,111.30611272975,15.9135870182116,473,0.805157593123209
44.363,291.82,145.244935121384,18.232289397278,165.4,0.805157593123209
13.92,136.68,63.392919957984,11.0086223443712,273.6,0.805157593123209
7.40182472884,56.19817527116,26.651141940579,5.07087269573194,14.25,0.805157593123209
5.65,58.03,25.864991457085,3.978066,18.50966429394,0.805157593123209
26.7526556759,274.7583443241,117.142248173258,11.0446875,7.85244461420932,0.805157593123209
0.19347104307,25.04017544125,9.75232284757852,1.64933614313464,11.137842306976,0.805157593123209
12.74040707346,151.52959292654,69.0343282850992,8.63531672713799,19.28,0.805157593123209
18.4083099376114,156.50533915468,73.2006827168236,9.40843103398686,99.64,0.805157593123209
11.6547545836098,113.021842011113,47.7335759713511,6.28280392611474,29.4,0.805157593123209
48.7169347517206,448.15394354278,211.444699687376,35.7847875,171.798091338808,0.805157593123209
5.00851350713,47.1,21.0032603506399,3.54371664025958,22.5,0.805157593123209
144.097210456229,498.223252206109,317.156590464822,50.2656,136.364742846002,0.805157593123209
6.76688235539618,56.3903935918298,25.5065000126487,3.95840674352314,16.853283812442,0.805157593123209
40.940075544944,207.201924455056,123.923861872231,15.7021354833488,158.94,0.805157593123209
-0.176544412,16.26,6.07211008078372,0.796047446975187,6.2,0.805157593123209
6.775335716226,45.7404114956422,23.8099242626163,4.18736974538153,7.64,0.805157593123209
51.52781788674,447.854269107149,161.757818791778,30.9471282846934,72.44,0.805157593123209
0.928052060628,33.6069464292,15.0230657473511,2.4052875,21.0573359116374,0.805157593123209
75.379015775944,460.552984224056,231.104167998769,46.458212531658,157.89,0.805157593123209
3.748550766114,85.963881045636,29.2770173532647,2.90308487209522,14.54,0.805157593123209
10.9619570767518,96.4814984236303,39.4017172740395,6.49312175392254,18.16,0.805157593123209
20.41,272.47,99.3293371361956,11.2622563133821,49.64,0.805157593123209
55.0070166475682,442.442045707708,202.034285344498,32.5015561280497,160,0.805157593123209
15.95072678214,139.59,57.4750371437331,6.9708,35.46906526635,0.805157593123209
30.265455500382,203.483544499618,101.150574636578,15.9457649762228,95.86,0.805157593123209
24.9108186531651,208.980181346835,88.5433533113749,12.3921464686866,306.5,0.805157593123209
134.53564552916,747.68435447084,393.888424530342,69.4643440492599,414.08,0.805157593123209
32.7382509083018,662.09225150289,211.806028431595,15.4263676325528,93.75,0.805157593123209
-1.341765990944,16.36,5.30222154593987,0.942477796076938,0.72906147776,0.805157593123209
27.19,272.28,100.860792767153,12.087424206034,32.94,0.805157593123209
-0.349803114540001,9.080789920158,4.40566953086054,0.942477796076938,3.8717259042,0.805157593123209
13.02500404257,149.01489520155,57.6956464024294,7.39642772144365,16.31,0.805157593123209
53.318188514958,330.321811485042,149.597208495829,26.6853825027514,115.5,0.805157593123209
1.12007840948,85.67,30.1798707575332,2.4493392985581,13.16,0.805157593123209
32.037451388476,164.138548611524,88.9583430147777,18.232289397278,146.38,0.805157593123209
8.725896227664,62.669365984156,31.297745490625,4.45269836626086,61.99,0.805157593123209
0.688953256513834,20.434937754436,9.95085445483124,1.69646003293849,1.414998489828,0.805157593123209
0.354577097147779,11.1414992188842,4.91188873545874,1.02101761241668,2.7905509401,0.805157593123209
111.1713420871,624.8986579129,314.227404402612,47.9188054439309,421.24,0.805157593123209
32.6135024111918,407.67,143.397084272707,15.2747866751183,545.1,0.805157593123209
7.6245511726701,82.8313900270004,26.7784470970325,2.53683606777376,1.64302664064,0.805157593123209
54.7351345175559,446.886903934189,177.696379026754,28.7944580612945,224.19,0.805157593123209
0.39074074268261,20.7220655080214,9.88995989879437,1.81862575306231,13.5,0.805157593123209
0.81811134713,25.1224455206,12.8976127223322,1.53996812428395,8.8,0.805157593123209
-0.811696989258,14.171930998314,5.43763774049602,0.502654824574367,0.93595391505,0.805157593123209
7.717275947226,60.11,27.4398170281104,4.10092645783896,32.26,0.805157593123209
47.071229635961,420.537792034378,177.737862790553,25.330854619772,88.6,0.805157593123209
31.23781788674,273.42218211326,120.695460442514,14.0452899910601,28.8,0.805157593123209
6.162139710085,44.427860289915,20.8771530749724,3.90426550284224,15,0.805157593123209
164.63960640817,774.86039359183,394.309061915743,69.9260842005356,592.05,0.805157593123209
43.3983443241,224.5316556759,135.515642826058,26.8136135517788,168.4,0.805157593123209
5.76009095354,32.57047521278,16.7004571630208,4.31968989868597,18.9527942296,0.805157593123209
152.14411193362,626.92588806638,346.21385831328,63.6174,791.588146326712,0.805157593123209
6.659623967304,60.724308521596,26.2432714635023,3.79347312920967,7.177275947226,0.805157593123209
48.1837157242222,233.248284275778,126.379775229303,22.8157382864689,127.6,0.805157593123209
1.214283660744,26.732966124256,10.765980053976,1.26627835517445,28.3,0.805157593123209
6.14960640817018,35.3703935918298,20.5998679652149,3.39292006587698,4.05650605899,0.805157593123209
29.83017544125,207.03982455875,110.711729474698,17.2196290804296,48,0.805157593123209
3.17453919286114,26.1272152225789,16.0322133458964,2.04203522483337,2.7900204024,0.805157593123209
11.0340692942,111.211549657926,51.8008032726705,6.24800553882345,14.27,0.805157593123209
3.1053722469,34.795179883,16.0750514758705,2.35232277804036,14.25,0.805157593123209
0.73604618395,13.71419484585,5.57259221445516,1.17015008557832,2.98,0.805157593123209
23.66519605929,208.92480394071,86.7087154684205,12.0629634958418,32.38,0.805157593123209
52.1661289959,421.2838710041,187.868943751988,30.3202179035678,56.48,0.805157593123209
9.88339845897556,75.9166015410244,38.5719438732347,6.157536,9.39807940221543,0.805157593123209
41.4833243508988,330.542715724222,135.685647078754,29.0241999363806,109.5,0.805157593123209
2.8734010844,34.9849314758,16.3489383919003,2.19911485751286,2.4636474324,0.805157593123209
0.640982927999993,28.5265473354795,16.7200103310511,3.01139764591007,45.64,0.805157593123209
9.90708913426799,138.162910865732,50.8004233709477,5.73053211524114,74.15,0.805157593123209
15.807075544944,112.642924455056,50.6902405272697,5.9856538054503,49.14,0.805157593123209
-5.10654441199999,13.664492799554,3.78083266048978,1.64933614313464,3.56787852036,0.805157593123209
48.9699514578559,231.500048542144,133.13400495299,17.4697170593547,95.75,0.805157593123209
1.87422460965101,26.665795792749,15.9510196591998,2.7160477427716,14.99,0.805157593123209
47.1143740887286,374.794625911272,173.583197075516,26.9523516657646,105.63,0.805157593123209
18.188122588,219.295877412,102.307629921406,9.01761877225249,25.29,0.805157593123209
10.8093214925146,139.542678507486,53.9041306288244,7.37196001567227,28.29,0.805157593123209
7.26527539498382,59.9985491637662,30.0778004546629,3.64851958450452,12.23,0.805157593123209
1.64714809755221,28.05439411024,14.0971347585132,2.05487976675778,40.54,0.805157593123209
143.421158678628,775.01930398371,422.611887654698,66.5060932360619,346.64,0.805157593123209
6.34,59.31,26.5668703946374,4.11035102874499,46.48,0.805157593123209
6.4160073439,55.2067854418,21.3741173273376,3.13012596822764,151.8,0.805157593123209
35.94,237.42,117.371715288577,15.7021354833488,184.16,0.805157593123209
35.4568962037779,291.491346888914,123.927442592769,13.7444678594553,87.76905542559,0.805157593123209
29.2494417653425,307.170558234658,139.71738728287,11.0446875,13.5612323338426,0.805157593123209
4.09915132220625,50.6975287353578,22.2710031155731,5.01820931389437,41.52,0.805157593123209
9.86856230976,59.865179883,29.7445110838953,5.19540885087412,8.6713420871,0.805157593123209
40.9345053618089,196.213549872785,121.045240292717,17.5952697967602,46.83,0.805157593123209
14.68172678214,338.219,144.760861619725,8.23989531371219,94.4,0.805157593123209
1.43901237483614,27.2561813468351,13.0164930444151,2.1757179090571,9.61,0.805157593123209
0.799061477759998,14.933,7.05708655814312,1.41334453541394,12.41,0.805157593123209
74.68,626.7,316.685262108754,48.50531848838,265.9,0.805157593123209
25.170827468704,239.569172531297,115.015187978734,14.3035066077582,25.61,0.805157593123209
4.14195641398,83.47167204318,24.7478251265098,2.93430311450836,100.9,0.805157593123209
30.32017544125,235.67982455875,96.5444830305749,13.6788607366474,169.1,0.805157593123209
11.2541274502345,114.578540800935,48.9536189802161,6.28318530717959,25.14775354476,0.805157593123209
4.249588697834,40.481388640406,20.0131071155385,2.35619449019234,3.40663747116,0.805157593123209
0.8859136383008,36.79982455875,16.1438591068756,2.24702967134436,20.2,0.805157593123209
48.80362703,361.22637297,179.920931878581,41.2825875,447.172086993889,0.805157593123209
6.239747217056,58.160252782944,26.4185859537125,4.19472365176353,11.28,0.805157593123209
6.692305794156,45.5466736222222,23.7925550103657,3.58788295657412,52.25,0.805157593123209
7.58699698382139,56.1470685242,26.3746181412126,5.59304287058969,17.63,0.805157593123209
7.6429088954,57.43927321786,27.0935525033251,4.83528161236402,20.5,0.805157593123209
0.953640183346069,21.3473359116374,8.77213202032519,1.68919147269236,4.96,0.805157593123209
6.20248453772018,60.4403935918298,26.3323841908813,3.63011368251378,12.66,0.805157593123209
22.835539984115,321.744460015885,114.904271620094,11.433885749329,63.05,0.805157593123209
17.6498186531651,209.941181346835,103.862888620601,9.61327351998477,53.227974413922,0.805157593123209
1.654925687569,22.18606615342,9.75777657971351,1.86912378402238,56.97,0.805157593123209
8.39,114.32,46.8300904400378,7.17284147463147,29,0.805157593123209
-0.0506885836301836,19.637263577264,8.92745424748172,1.6513035,1.24364018334607,0.805157593123209
11.90040707346,184.52,83.1545397175264,8.27917385462919,336.8,0.805157593123209
0.62104319046,22.79528140314,8.84512473036208,1.48988006137764,5.92,0.805157593123209
165.036543717964,774.463456282036,505.743871967827,77.6113493442861,372.25,0.805157593123209
54.725933860126,448.666153133763,208.489570152379,33.18315,299.787030056341,0.805157593123209
6.707274186196,45.432725813804,21.1075249065161,3.1101767270539,9.7142187219,0.805157593123209
6.950582771685,96.73480394071,27.3073824300978,2.82743338823081,15.240462473775,0.805157593123209
54.0384716371199,408.211479820736,181.821325317498,31.3962794311088,250.91,0.805157593123209
-0.9308194419,17.64,8.82034163170878,1.5535051993863,14.66,0.805157593123209
0.928620450407206,26.772921757385,14.7057257799937,2.14662187485826,11.89,0.805157593123209
4.05395733127,40.85736629099,20.2035518647868,3.08942223971017,33.12,0.805157593123209
42.3772838524,448.8275944421,154.399915296697,15.8949056245737,157.9,0.805157593123209
24.9062136629,183.9037863371,85.5014606181725,9.91441881581442,109.07,0.805157593123209
1.331086267434,43.76619610159,21.2728052566815,2.04203522483337,1.8612019118,0.805157593123209
55.67,371.59,185.910401858684,24.3963194021915,114.51,0.805157593123209
11.752724052774,96.8532759472263,47.2939259096045,7.08187637213754,58.56,0.805157593123209
3.0736133658692,28.1247191943308,15.7450646919549,2.652908048367,15.5,0.805157593123209
12.61904340942,149.85095659058,68.8669248809829,7.71673291728929,47,0.805157593123209
35.6016027262416,218.91664036645,111.264501265382,16.9246355241179,37.16,0.805157593123209
0.923891010949834,24.3531704668102,10.9333033186121,1.60221225333079,4.19097733824,0.805157593123209
23.4891604596384,218.635839540362,92.2293620118843,11.0086223443712,205.5,0.805157593123209
0.702168847406,14.89512187045,6.75788617556733,0.847514027442724,15.14,0.805157593123209
21.8660835638,184.8339164362,79.6728858863783,11.6862767839766,184.49,0.805157593123209
40.971495575503,334.820544507576,158.413225097383,23.6448524984609,116.4,0.805157593123209
6.210312908646,56.382565220904,24.7864949853093,3.43804321702012,118.95,0.805157593123209
49.429770759904,337.913629247259,156.360786423502,25.8889224985676,460.5,0.805157593123209
8.363730707025,57.320011485735,27.352150310992,5.00432309162266,12.05,0.805157593123209
11.26,113.896189521263,49.3149567120597,6.09951162926204,38.23,0.805157593123209
-0.0828164401388644,12.0659258111601,5.5248954075373,1.09955742875643,1.79144504,0.805157593123209
23.25,186.2,88.764558841319,11.0446875,12.2697057231984,0.805157593123209
-0.541309500289942,16.3678844939238,6.23698267935263,0.494800842940392,1.54126448322,0.805157593123209
5.70218211326,47.38,22.494067994113,4.57696812375022,55.98,0.805157593123209
-0.432370449714864,15.891479820736,7.06788213237694,0.742199540558262,9.54,0.805157593123209
30.37,292.44,111.549929092976,13.6154618849965,50.66,0.805157593123209
11.7694417653425,137.310558234657,53.4257393981762,6.40048323680495,47.4,0.805157593123209
1.24520944741533,14.8801001065847,6.55880974981441,0.117809724509617,0.276181401804,0.805157593123209
2.46000722240114,24.9740711870789,16.4145552247556,2.96880505764235,9.87223498415,0.805157593123209
0.914608464813999,21.860825280112,10.2155111846058,1.4313915,0.923891010949834,0.805157593123209
1.05376446240553,34.049128152196,13.6541929236322,1.42942465738336,6.8500353537,0.805157593123209
0.477301775773819,21.2666091294974,9.68847858893762,1.53152641862502,9.3331618842,0.805157593123209
28.92625780724,236.07374219276,100.128212529202,13.000228,86.63784403286,0.805157593123209
38.735010959468,371.86062079176,147.540099709642,18.9350338342359,113.3,0.805157593123209
-2.67595507179,18.34619610159,7.62444591789141,1.69616740875035,15.6,0.805157593123209
8.7735003668796,73.2224515366091,38.0196435413198,6.31861711477969,112.81,0.805157593123209
-0.11776178953,13.62307134353,5.41735293911408,0.665136761145799,1.8,0.805157593123209
14.626040075121,135.773959924879,55.9144236588091,7.01353376807513,147,0.805157593123209
0.945281761104404,25.249770759904,11.4187034803295,1.51829065471069,15.05,0.805157593123209
-0.670709282143994,16.09,6.65826671534764,0.918331597535092,3.96,0.805157593123209
7.225046137694,83.614778421056,30.462568378008,3.65076607816719,17.1,0.805157593123209
86.79,444.31911089742,229.304816948247,48.1296234138676,336.26,0.805157593123209
54.0004564992,419.4495435008,203.771830513378,37.4502861120852,371.04,0.805157593123209
17.33469364384,139.00530635616,55.8614530772825,8.69342077986823,516.4,0.805157593123209
56.922724052774,442.556386844646,210.344613145818,33.253758238248,317.47154637044,0.805157593123209
19.69423227413,176.49576772587,79.0212591059991,9.78937298533103,21.7,0.805157593123209
2.93787852036,33.75,19.4986301205963,3.1101767270539,3.87362845716,0.805157593123209
17.74,177.73,67.8850454048618,7.70862032083778,36.13,0.805157593123209
21.3940000000001,205.806,89.4933448344752,10.5989497522145,26.5,0.805157593123209
8.21,58.16,25.1358350206509,3.72401743604162,42.3,0.805157593123209
24.03,156.84533915468,79.4980093823824,13.690012875,103.583889896868,0.805157593123209
1.13116519714583,26.614725813804,10.0436323993074,1.42294915180211,8.16,0.805157593123209
1.18278550937618,26.9130501114338,15.2114855344613,1.97920337176157,6.85386712395,0.805157593123209
82.255015775944,446.603071217945,230.694919322243,34.1371370309464,135.26,0.805157593123209
2.13514270354,26.52669291727,16.2025822381912,2.00276531666349,1.308433744926,0.805157593123209
8.79827906546887,59.7999288129211,30.2618763710657,4.39498727662469,57.9,0.805157593123209
-0.246401835479998,35.12,15.3667465139722,1.97920337176157,7.41915080214,0.805157593123209
37.3660879128,334.359912095158,133.209528536652,22.9857363138369,146.2,0.805157593123209
32.1814049600182,306.698595039982,124.020811509211,12.9805274456776,122.92,0.805157593123209
71.3,443.06911089742,194.209692148825,44.17875,418.310122867329,0.805157593123209
12.4090081941984,149.245697529,58.1029633104856,7.30982208501858,66.66,0.805157593123209
41.652139710085,407.977860289915,157.341829581837,17.5418787471034,77.33,0.805157593123209
23.78959292654,208.21040707346,97.1827935048578,10.1770443156564,92.28,0.805157593123209
-0.471065290479998,14.12,5.44161111905799,0.950334,1.24520944741533,0.805157593123209
12.66089737542,149.65910262458,55.2665319785165,6.18845342899002,42.6,0.805157593123209
0.740739863777817,14.8627157242222,6.97843076641293,1.24340645003624,33.8,0.805157593123209
3.534312177627,60.5281015457536,26.0930336171856,2.96880505764235,5.148520179264,0.805157593123209
13.37,148.88,63.1407984449655,7.03716754404114,84.147318865995,0.805157593123209
14.669940231,204.398059769,77.0624892634656,7.71426975390434,33.83,0.805157593123209
6.197649521759,61.5,28.7661577501664,3.57881532864934,20.23,0.805157593123209
5.29737225556,44.1848098577,24.7866014644602,4.16830760152639,26.83,0.805157593123209
153.006663197194,746.453336802806,428.191648635178,71.6752836709423,515.62,0.805157593123209
6.055449908436,61.27,25.1322748743603,3.3465810292407,32.99,0.805157593123209
22.96154436592,272.96245563408,97.5129716253402,10.5672717797403,208.89,0.805157593123209
88.5490314928338,592.052968507166,287.894163330108,56.74515,308.150846304431,0.805157593123209
20.092176384926,275.404122588,112.673190267325,8.042496,9.13415377514642,0.805157593123209
47.1578905661921,370.44871344132,170.922481714992,26.094547819011,52.21,0.805157593123209
11.972,155.28,65.8828230365496,7.76482132309887,138.6,0.805157593123209
47.3729616134646,268.428680264878,133.524544638921,21.2385861162352,119.15,0.805157593123209
2.07091303466118,52.2075135158738,19.9598507281753,2.54469004940773,1.64183562081,0.805157593123209
4.637343098627,44.145449687073,21.9964510350201,3.3921325628465,10.99,0.805157593123209
1.68693559022862,19.73807418884,7.31973276615305,1.06028752058656,3.743957091105,0.805157593123209
6.7869153737,57.725877412,25.5388869516525,4.34566068619022,7,0.805157593123209
7.82153604245,56.8213420871,24.7248768242318,3.85263059010026,8.52,0.805157593123209
2.440950257284,27.163128152196,13.1419542293828,2.00088117374069,18.9,0.805157593123209
6.854559799626,52.5727161476,24.0532468700071,3.61818414407481,12.57,0.805157593123209
15.93649283534,113.420423468063,55.962824203392,6.86505366289765,8.71,0.805157593123209
6.07456444064,59.57543555936,29.4238350584608,4.89983324926874,11.35,0.805157593123209
31.5593600247578,198.28646719704,99.592977797662,12.3347037787113,39.9,0.805157593123209
51.19407840948,340.069321597683,164.787699374254,19.0646620758048,57.94,0.805157593123209
29.80344093832,220.31655906168,109.939095717365,12.8993673353998,50.16,0.805157593123209
52.084778421056,371.165221578944,172.233096977456,24.6556920656367,202.6,0.805157593123209
1.61924818587218,35.8891855590538,13.5399937620281,2.085826615032,18.82,0.805157593123209
2.857153954424,26.592924455056,14.5108723933682,2.79399660813672,11.22,0.805157593123209
47.3130693964239,259.393238607716,132.429473650702,20.1412667789282,475.8,0.805157593123209
16.1050837630994,135.664916236901,54.5832426504216,7.57902010005606,39.68,0.805157593123209
7.27,58.5910000000001,29.9553190034566,4.71954932376425,27.25,0.805157593123209
11.26,108.22,40.9461663584455,6.02606327615275,15.64,0.805157593123209
1.64302664064,34.04940517111,17.7637650487979,2.82743338823081,18.69315676305,0.805157593123209
44.769350662704,334.096649345254,144.349267909289,16.4323032060657,43.74,0.805157593123209
1.66077514911,20.1810604717,10.7165043047002,1.78942462479031,33.38,0.805157593123209
66.5610604717,447.191026522189,229.23645283334,35.4848391631324,197.75,0.805157593123209
1.947977672086,34.548520179264,14.8094328656086,1.82030054189155,15.1,0.805157593123209
8.88165901542218,58.3583409845778,29.9269291699115,5.18675012100722,12,0.805157593123209
6.127275947226,42.73,23.0431345407561,3.76991118430775,25.015473354795,0.805157593123209
20.134122588,205.195877412,83.1629105130419,10.2411338244833,185,0.805157593123209
34.852007020744,330.984592980052,138.01209569582,19.9818677361605,47.75,0.805157593123209
134.280766888452,553.08750167295,346.950743522586,52.9657856738457,466.72,0.805157593123209
47.874778421056,418.435344446273,162.809720430005,23.5978931004504,126.37,0.805157593123209
11.9164909332204,154.822724052774,62.0066807963934,7.63958490321019,17.74,0.805157593123209
13.36150042087,129.38849957913,56.1830342962683,6.8392839812833,52.32,0.805157593123209
7.22641093251,55.36646719704,26.7562874332304,4.58365813881193,25.2,0.805157593123209
48.90381788674,408.48218211326,168.509065318646,23.6425908810326,101.16,0.805157593123209
20.1655171519114,184.4827927857,77.422130072586,8.92476640642018,39.25,0.805157593123209
0.230196538649565,15.5790501114338,6.3662620309085,1.22522113490002,1.42055686773,0.805157593123209
-1.443818598196,14.966,4.68885794641015,1.09955742875643,3.238383722805,0.805157593123209
24.8,272.685,103.753441786062,10.6244463282201,369,0.805157593123209
24.5478947753922,187.157867141307,96.1687621929814,15.0251884650925,47.39,0.805157593123209
25.835632026516,273.374367973484,99.7555583978062,12.280163336943,54.4,0.805157593123209
48.79032549425,473.54867450575,184.370482399009,24.353760811315,82.45,0.805157593123209
47.145950311944,250.789049688056,133.724842226863,25.5089828399749,71.75,0.805157593123209
52.726,374.228000000001,173.187230295185,28.2744,131.511310956201,0.805157593123209
39.182062245564,474.634937754436,168.759566102725,15.2269001713539,53.71,0.805157593123209
3.23117507718457,52.4424533799754,21.4317227826262,1.83783170235003,8.180745775818,0.805157593123209
0.01250241608,15.71755906168,6.25776608852133,1.17809724509617,0.93680997487,0.805157593123209
6.4955844505694,58.9196914966566,27.5640846080768,3.80513674842412,10.49,0.805157593123209
87.893162869018,460.726837130982,242.427178244062,33.5416961899546,167.9,0.805157593123209
48.567451388476,442.921659508944,178.622720634816,31.3036143055852,197.52,0.805157593123209
0.340507482533817,23.0460675111,9.68599185187115,1.29138708427749,8.2,0.805157593123209
-1.281039208804,14.86927321786,5.09636437879609,0.176714586764426,0.2275248822,0.805157593123209
105.11656894507,746.57343105493,347.886477549626,48.5523619809246,392.73,0.805157593123209
48.77138623144,414.40861376856,167.451131835647,24.9287121549419,76.14,0.805157593123209
2.18154220779221,23.255,11.646293827833,2.0140329565453,10.06,0.805157593123209
31.537075544944,306.332924455056,114.843586317855,13.1642843384143,42.7,0.805157593123209
5.54947299560699,51.849047183657,23.3347954670394,3.18499256506521,11.92,0.805157593123209
21.8379344919786,185.562065508021,79.0814212664424,9.72720476525656,23.7,0.805157593123209
0.429290717856,15.044164870144,6.21629181657558,0.947107521834826,3.96,0.805157593123209
2.05325384057018,33.7903935918298,16.0838397644999,2.1757179090571,11.42,0.805157593123209
6.946687086005,42.565495027255,23.3108943108893,5.03907481237911,14.46,0.805157593123209
5.7798537962396,96.2653148722,34.4217367531293,2.68606171881927,7.215449908436,0.805157593123209
0.277430954276006,10.17,5.30740017840241,0.3318315,0.0866080977845684,0.805157593123209
13.88,113.946189521263,50.431443362155,7.39642772144365,22.95,0.805157593123209
19.8933812239176,273.536618776082,106.589178695215,9.7926572849714,16,0.805157593123209
6.12808233285017,52.1547104528498,20.4556048641052,2.82743338823081,3.91243181175,0.805157593123209
3.17362845716,26.45,14.649308120514,2.88427797563099,44.25,0.805157593123209
48.867,308.410846304431,149.226592541452,30.9471282846934,89.84,0.805157593123209
47.56712239817,444.932077409508,160.044464947805,21.5767459095771,107.94,0.805157593123209
7.3907904778,60.3792095222,26.9078051801128,3.83598268802644,83.74,0.805157593123209
51.532724052774,444.093684454293,157.33489438736,23.8307993319939,490.1,0.805157593123209
22.962736422736,274.337263577264,104.104230722001,11.3712441098972,96.7,0.805157593123209
0.358234009056,15.789513873164,7.53827338296441,1.00111479097342,2.48,0.805157593123209
2.3678887539846,33.6069464292,15.9410064536399,2.67950350784305,24.52,0.805157593123209
1.76926137299343,35.0173760981666,16.216274585953,2.1382515,0.633317417876241,0.805157593123209
3.843365367656,46.32218211326,23.0840440533772,3.24545068472103,9.21,0.805157593123209
26.4944449961803,274.021,103.445281066574,13.4191577205256,45.6,0.805157593123209
5.56,46.69287812955,21.7949648590057,3.1101767270539,14.811249306315,0.805157593123209
7.130842355714,57.7392318331261,23.2913613819624,3.29867228626928,16.3001001009,0.805157593123209
14.0224684881236,129.98580515415,50.8182263531943,5.67924568268022,15.25,0.805157593123209
6.7,41.42,23.3603439052405,3.7052583415909,22.99,0.805157593123209
21.8019624933427,277.892534377388,120.241875834009,8.29380460547706,16.10072678214,0.805157593123209
6.615048426922,46.284951573078,23.5380946008661,4.69213820420315,27,0.805157593123209
14.3694417653425,136.300558234658,53.2252457241069,6.87223392972767,13.832736422736,0.805157593123209
20.7956864525752,184.619659704008,83.304706163637,11.0446875,29.193825280112,0.805157593123209
6.02,46.12,21.298957441222,3.95329276841899,55.14,0.805157593123209
11.148333629932,99.56212187045,42.0016793058684,6.74692121122941,45,0.805157593123209
12.895835129856,129.854164870144,54.0402179082752,7.63958490321019,28.22,0.805157593123209
151.67937920824,775.27062079176,390.229332377501,63.468627272253,553.54,0.805157593123209
13.7322306584978,108.417769341502,47.8479879140069,6.26359424114402,23.51,0.805157593123209
28.76519605929,278.274803940711,103.476004757611,13.6154618849965,47.16,0.805157593123209
40.4388006252672,373.287239449854,140.405501160406,19.7136284099759,499.2,0.805157593123209
17.21824963009,150.04175036991,66.2973692183783,7.79114978090269,34.843991417235,0.805157593123209
15.5050443564422,149.504955643558,67.0440126119398,7.7931315,72.0959519034887,0.805157593123209
16.638208032776,148.648791967224,57.6439418138903,7.26886515900844,11.9,0.805157593123209
24.607992979256,236.392007020744,97.8891493063845,12.5664,48.5732587694169,0.805157593123209
41.628605296025,334.163434787054,148.808789801228,19.190802644169,495.2,0.805157593123209
7.21900000000003,56.401,27.6714858848521,4.84436924199196,9.88,0.805157593123209
42.024319942436,406.645680057564,137.924514656996,17.1729635026207,76.63,0.805157593123209
13.3311611467637,147.467071187079,60.2668005535104,7.77544181763474,11.42040707346,0.805157593123209
11.834426823271,146.509573176729,54.110987855178,6.26359424114402,19.44,0.805157593123209
140.418575965814,591.471424034186,363.288960978118,50.2656,143.990462662338,0.805157593123209
41.651112975065,229.044927100056,129.148145710525,22.0208115331534,88.87,0.805157593123209
33.0674354229498,339.093564577051,134.526996254782,15.90435,334.566000007958,0.805157593123209
7.48366603616618,46.6163339638338,23.8568939739035,4.21752619171987,18.56,0.805157593123209
