"Low","High","Fitted","Sc","Kgp","X0.8"
0.199733333333334,1.93230666666667,0.987523466666667,2.45,1.97,0.8
1.869,10.94,5.3328314,28.2744,8.1,0.8
0.1784,1.766,0.717687033333333,1.64933614313464,0.782833333333335,0.8
0.47,2.69754,1.3579088,3,3.18,0.8
4.3856,14.4644,8.83760686666667,59.3057644135274,11.67,0.8
0.281,1.95,1.11577986666667,2.55,1.36,0.8
0.0875,0.738666666666668,0.348094733333333,1.17809724509617,1.1835,0.8
0.3294,2.8226,1.31834013333333,2.68606171881927,0.955733333333334,0.8
0.970900000000001,5.0845,2.47674983333333,7.7931315,1.4,0.8
2.28,10.588,5.64566766666667,30.1769708722965,14.112,0.8
1.6068,7.623,4.5917499,14.1862875,1.68,0.8
0.616,5.60480000000001,2.35456496666667,6.25763017924568,2.421,0.8
0.47,3.68,1.76923693333333,3.2914275809805,1.713,0.8
1.274,6.966,3.87432566666667,13.0177112351593,5.85,0.8
1.6532,7.9468,4.36437273333333,13.2,2.72,0.8
1.208,7.581,3.8263554,11.3,4.81,0.8
0.76,5.13,2.75072986666667,6.8,2.09,0.8
0.568575,3.792,2.01366386666667,4.94800842940392,2.9982,0.8
0.02,0.28,0.127192866666667,0.392699081698724,0.789,0.8
0.722,4.328,2.32150883333333,5.96131915402541,1.248,0.8
1.84,7.415,4.14513546666667,23.75835,2.125,0.8
0.149,1.3274,0.657604433333333,1.7089067190487,0.23,0.8
1.1,6.74,3.1778362,11,1.28,0.8
2.667,11.973,7.33665166666667,44.2,11.14,0.8
0.026,0.32,0.167623533333333,0.448941251534874,0.188,0.8
0.145,1.5194,0.7301383,1.81434247800614,0.814,0.8
0.0405,0.909,0.3991105,1.17809724509617,0.263,0.8
0.622,4.40150000000001,2.30058206666667,4.90873852123405,0.8153,0.8
0.7832,5.914,3.0202564,7.35437365254937,12.942,0.8
0.46105,3.1887,1.91332226666667,3.61283155162826,2.6037,0.8
1.99,9.47,5.08546353333333,16.5162511778232,2.54,0.8
0.441066666666666,3.71965333333334,1.85795133333333,4.38728094558411,0.67,0.8
1.87,8.08,4.5424918,23.82909671199,3.54,0.8
0.37,2.2192,1.16658573333333,2.69913005782406,0.048,0.8
0.00533333333333401,0.294666666666666,0.1281708,0.141371669411541,0.02,0.8
0.518,3.742,1.89378116666667,6.20454817740635,2.82,0.8
0.69175,5.585,2.7716337,5.9395875,0.87,0.8
0.686,5.124,2.61448156666667,7.77544181763474,1.1572,0.8
0.76,4.58410000000001,2.2648477,6.28318530717959,2.5088,0.8
1.56968,5.8478,3.69063413333333,14.86,1.268,0.8
0.144,1.316,0.677237066666667,1.7,0.06,0.8
0.25,1.806,1.02052143333333,2.66,4.902,0.8
0.6129,4.13200000000001,1.86895473333333,3.97411470679109,0.707,0.8
0.156,1.51386,0.700879933333333,1.54698604685322,0.952,0.8
0.396,2.787,1.555239,3.3,1.019,0.8
0.0333,0.5453,0.187177866666667,0.75939868724763,0.02,0.8
0.036,0.662,0.268660866666667,1.06470124367693,0.048,0.8
0.139,1.433,0.651212033333333,1.67,0.366,0.8
0.057,0.275,0.150138066666667,0.24,0.036,0.8
0.62,4.09,2.1890401,4.54632899708551,1.152,0.8
0.133,0.972600000000001,0.532935266666667,1.53152641862502,1.4344,0.8
1.4678,7.65900000000001,4.1575097,25.8593191541242,3.51,0.8
0.379,2.6306,1.33265133333333,3.3006,0.584,0.8
0.15,1.26216,0.641197866666667,1.91851888255765,0.235,0.8
2.382,14.428,7.29145146666667,28.2373001823394,3.48,0.8
1.68,8.06,4.30736293333333,15.9,2.02,0.8
0.066,0.710800000000001,0.317157066666667,1.1,0.16,0.8
0.6,5.39,2.2951918,5.41924732744239,3.7872,0.8
1.121,7.134,3.97725646666667,11.8864908457504,3.03,0.8
0.033,0.267,0.125131133333333,0.0707,0.03,0.8
0.366,2.826,1.35490356666667,2.7350543941951,2.985,0.8
0.9264,6.7936,3.80779366666667,9.1,0.81,0.8
0.191,1.864,0.931190633333333,2.15892209710635,0.47,0.8
0.317,1.956,1.09770976666667,2.5,2.042,0.8
0.586,4.8115,2.34425596666667,7.9,8.46,0.8
0.7038,5.71440000000001,2.71751956666667,5.7,0.37,0.8
2.66166666666666,12.26,6.92301106666667,35.8,10.74,0.8
1.4678,6.63540000000001,4.1390321,15.8972823681073,5.48,0.8
0.03,0.2631,0.1337314,0.5,0.01,0.8
1.1312,6.5088,3.84666756666667,11.6,1.72,0.8
0.69,4.36,2.22060066666667,6.87223392972767,1.09,0.8
0.855800000000001,5.5142,2.7547627,6.28318530717959,1.63,0.8
0.602666666666666,12.3193333333333,3.53976813333333,5.7,3.74,0.8
0.583,5.66076000000001,2.5603959,6,2.37,0.8
0.388,2.6306,1.36622253333333,3.3,1.283,0.8
0.013,0.289,0.136771733333333,0.0488923985178303,0.038,0.8
0.139,1.581,0.678576033333333,1.85926548752589,0.37,0.8
0.493,5.377,2.55445313333333,7.03716754404114,5.64480000000001,0.8
0.141700000000001,1.4023,0.636381733333333,1.42942465738336,0.9454,0.8
0.15,1.4344,0.632605733333333,1.42942465738336,0.382333333333332,0.8
0.151,1.7147,0.794308,2.36975344066108,1.037,0.8
1.141,6.78,3.74051866666667,17.3,2.81,0.8
0.814500000000004,6.0115,2.84433823333333,10.9955742875643,1.47,0.8
0.427,5.64980000000001,2.47906973333333,5.5154715,1.62,0.8
1.19,7.55,3.73985426666667,12.728775,6.96,0.8
0.026,0.315,0.1546152,0.617729071355683,0.316,0.8
0.123,1.195,0.5706931,1.3,0.14,0.8
1.389,7.271,4.0708882,14.8617315,5.76,0.8
0.02,0.292,0.140349533333333,0.0503984021668373,0.013,0.8
0.438666666666666,2.978,2.22708826666667,3.61283155162826,0.47,0.8
0.315,2.6286,1.27878216666667,2.94524311274043,0.38,0.8
0.02,0.292,0.165710866666667,0.642585834447536,0.094,0.8
0.774,5.75040000000001,2.78354796666667,6.68703384715346,4.33,0.8
0.01,0.3002,0.133993466666667,0.565486677646163,0.12,0.8
1.6158,6.96,3.8178126,14.8627840931975,18.09,0.8
0.34,2.28288000000001,1.34557326666667,2.82743338823081,0.652,0.8
0.35,3.005,1.62401136666667,3.4,7.225,0.8
0.026,0.453,0.1904602,0.942477796076938,1.1835,0.8
2.244,8.076,4.65480893333333,30.4686029839164,4.41,0.8
1.054,6.443,3.15763166666667,11,1.34,0.8
1.4538,6.769,4.16168373333333,15.9,1.84,0.8
0.206,1.69653333333334,0.744870133333334,2.11859763553896,1.668,0.8
0.45775,3.58325,1.9731326,3.8,4.635,0.8
1.364,7.296,3.75010066666667,14.16147612109,7.61,0.8
1.149,7.27,3.72899333333333,12.3700210735098,5.52533333333334,0.8
0.437,3.7502,1.79129776666667,4.9,0.295,0.8
0.6101,4.3299,2.2110993,5.89048622548086,3.02,0.8
4.4,14.26,9.17615106666667,31.4159265358979,4.69,0.8
0.442,3.619,1.75664976666667,3.8,1.223,0.8
0.1654,1.4766,0.646832733333333,1.8,0.465,0.8
1.594,8.391,4.7366592,16.8269341019521,2.72,0.8
0.592,4.433,2.269698,4.95221131209284,2.112,0.8
0.19059,1.52641,0.698004733333333,2,0.475,0.8
0.03,0.2728,0.160643933333333,0.376991118430775,0.05,0.8
0.02,0.292,0.157168666666667,0.4,0.04,0.8
0.03,0.236200000000001,0.140764666666667,0.297747455170348,0.047,0.8
0.36,3.036,1.6672172,3.7,1.407,0.8
0.038,0.7272,0.3468839,1.1065432038198,0.781,0.8
0.269,1.8946,1.00407303333333,2.19911485751286,0.559166666666668,0.8
2.891,14.096,7.89982946666667,33.2,6.26,0.8
0.165,1.5194,0.666833066666667,2,0.28,0.8
0.02,0.29796,0.150200933333333,0.568519792831625,0.047,0.8
0.14,0.986,0.5270074,1.65918684164248,0.893,0.8
0.179,1.7154,0.801579733333333,2.17,0.915,0.8
1.591,6.58,3.79598386666667,15.9,4.6,0.8
3.81639164714898e-17,0.31,0.1343076,0.5,0.04,0.8
1.85,7.72200000000001,4.42947226666667,22.9728962793754,2.65166666666666,0.8
0.04,0.2171,0.115121,0.66,0.048,0.8
1.697,7.963,4.506945,15.9,3.32,0.8
0.400566666666666,2.70503333333333,1.3579217,3.1101767270539,1.1084,0.8
0.74,5.27753333333334,2.4647289,6.4,0.6,0.8
0.79,6.9634,3.2443024,8.57437682965709,4.136,0.8
0.13,1.238,0.585324666666667,1.83783170235003,0.369999999999999,0.8
0.405,2.9619,1.52718833333333,3.3,0.727,0.8
1.46,8.45,4.34384073333333,24.6,6.39,0.8
1,5.61533333333334,2.8263346,10.6589655,3.28,0.8
1.165,7.595,3.85638846666667,11.3,2.86,0.8
1.678,8.67,4.7013896,18.9698871230611,3.12,0.8
0.35,2.435,1.34878523333333,2.6,1.28,0.8
0.286666666666666,1.90793333333333,1.0173428,2.9,1.108,0.8
0.00900000000000005,0.2477,0.109146933333333,0.713598940349323,0.188,0.8
2.649,14.441,7.4665428,38.5,4.38,0.8
2.8,13.35,6.95793973333333,38.5,8.83,0.8
1.566,7.289,4.036434,11.9,1.15,0.8
1.6425,7.31,4.19581426666667,15.90435,0.8942,0.8
1.8192,7.32280000000001,4.26648726666667,15.9,4.91,0.8
0.37,2.6306,1.69837473333333,3,1.674,0.8
0.241,1.7849,0.912265,2.1,0.35,0.8
0.24,1.62596,0.8178649,1.8869,0.426,0.8
0.063,0.95286,0.405384533333333,1.31234655184194,0.282,0.8
0.429,2.99138,1.64876283333333,3.7,2.247,0.8
0.4882,3.3871,1.82122946666667,4.05,0.983,0.8
0.03,0.746700000000001,0.306293333333333,1.02101761241668,0.686933333333334,0.8
1.137,6.173,3.68718903333333,19.6,3.45,0.8
1.047,6.243,3.23906396666667,11.0446875,1.4728,0.8
1.0346,6.7094,3.2030491,11,2.42,0.8
2.65916666666667,14.112,7.5577562,30.7,3.43,0.8
0.032,0.3036,0.145981733333333,0.749239110561119,0.165,0.8
0.3346,2.966,1.41813453333333,3.53429173528852,0.62,0.8
3.6425,14.8905,8.7796184,44.17875,11.34,0.8
1.627,7.00500000000001,4.05023256666667,19.6,4.08,0.8
0.36,2.9982,1.45219826666667,3.97560332907502,1.152,0.8
1.6209,8.19210000000001,4.73754753333333,27.3661964742114,3.22,0.8
0.976,6.63012333333334,3.28200613333333,11.0446875,1.575,0.8
4.37166666666667,14.4783333333333,9.18592426666667,50.2656,3.875,0.8
0.41,4.14846,2.40212386666667,5.335488,3.68,0.8
0.157,1.671,0.681077833333333,1.61995582893468,0.144,0.8
0.378,2.9851,1.6693448,3.45575191894877,0.431666666666666,0.8
0.185,1.768,0.823991166666667,1.9050585795363,0.144,0.8
0.045,0.322700000000003,0.171019933333333,0.75,0.138,0.8
1.162,6.252,3.40042803333333,13.201109380286,3.76,0.8
0.771,5.71340000000001,2.5262951,10.4457955731861,1.63,0.8
0.03,0.261,0.123164266666667,0.157015830798444,0.08,0.8
1.188,6.251,3.3989956,12.6,4.88,0.8
0.154,1.198,0.570400533333333,1.42,0.658,0.8
0.328833333333333,1.96,1.19220046666667,2.68606171881927,2.26986666666667,0.8
1.6446,6.6014,3.936711,13.5362629923572,2.14,0.8
0.627,5.588,2.36221126666667,4.31968989868597,2.9982,0.8
0.843333333333331,6.50604,3.2132536,7.24241691858793,4.559,0.8
0.1602,1.4816,0.7282188,1.75929188601028,0.536800000000001,0.8
1.8446,7.2754,4.1511952,22.3593072222328,3.88,0.8
0.337000000000002,2.4454,1.45615506666667,3,1.637,0.8
0.233,1.917,1.00680076666667,2.09974807476912,0.4,0.8
0.0408,0.926,0.4185822,1.22585531603341,0.142,0.8
1.6546,7.73440000000001,4.32995473333333,22.8441947696576,2.74,0.8
1.356,5.53533333333334,3.2460186,14.9,1.44,0.8
0.025333333333334,0.232666666666666,0.115017066666667,0.502654824574367,0.148,0.8
0.414,3.323,1.8347509,3.58034363148491,1.207,0.8
0.134,1.06165,0.567592133333333,1.56,0.101,0.8
0.02,0.294360000000001,0.1485268,0.15707963267949,0.03,0.8
0.5524,3.4896,1.98265786666667,5.17604768735822,0.64,0.8
2.265,12.245,6.23798333333333,28.2744,2.125,0.8
1.868,11.322,5.61261026666667,28.3,4.83,0.8
-0.0427599999999994,0.3156,0.121516866666667,0.450200716799655,0.02,0.8
1.349,7.325,4.14815986666667,14.2,5.3,0.8
2.514,14.118,7.35374646666667,33.2,10.6,0.8
0.01,0.293,0.143105866666667,0.687549354156988,0.101,0.8
2.893,14.094,8.2028804,33.18315,8.8,0.8
0.0244,0.313,0.167728333333333,0.79,0.208,0.8
1.678,7.27,4.23690473333333,17.7205875,2.1,0.8
3.32,12.86,7.70824133333333,41.3,5.6,0.8
0.37,3.0054,1.6660974,3.1,1.13,0.8
0.414,2.838,1.42797546666667,3.1,0.21,0.8
0.066,0.668933333333334,0.310450533333333,0.946740571206147,0.188,0.8
1.39,7.68000000000001,3.99652176666667,14.1092619588814,3.64,0.8
0.156,1.67498000000001,0.680999033333333,1.6,0.61,0.8
0.321,3.336,1.75791313333333,3.97411470679109,0.68175,0.8
0.144,1.433,0.6434442,1.76,0.808,0.8
0.111,1.1735,0.502082566666667,1.53152641862502,0.32,0.8
0.02,0.3156,0.155344733333333,0.284085612200672,0.12,0.8
0.124833333333333,1.05216666666667,0.515464266666667,1.31853962889545,0.846,0.8
1.476,8.671,4.7616772,17,2.24,0.8
0.76,6.35,2.77771803333333,5.45770304384557,0.768,0.8
0.07,0.614080000000001,0.2618032,1.09126211596072,0.28,0.8
2.6131,12.8969,7.28607453333333,52.1626197837568,11.98,0.8
2.895,15.5,8.1756564,53.3244794730471,13.55,0.8
0.515200000000001,3.676,1.851912,5.9,0.41,0.8
0.02,0.292,0.1293738,0.353429173528852,0.06,0.8
0.23,1.805,0.864983166666667,2,0.13,0.8
1.697,7.642,4.37081113333333,21.6,3.45,0.8
0.8716,6.156,3.03301106666667,9.6,0.97,0.8
0.38,2.975,1.56687166666667,3.95209705872599,5.595,0.8
0.06,0.1967,0.1213942,0.122648813711999,0.033,0.8
0.128,1.5622,0.6806061,1.75929188601028,0.4238,0.8
1.47,6.24,3.6129508,17.7,5.11,0.8
0.157,1.25516,0.650393,1.60221225333079,0.978,0.8
0.026,0.237,0.1139714,0.191428012379328,0.02,0.8
1.3428,7.9572,4.03647106666667,15.9,4.14,0.8
0.22325,1.88536,0.994211633333334,2.12057504117311,0.41,0.8
0.012,0.288,0.129424533333333,0.522316204596009,0.12,0.8
0.152799999999999,1.66338,0.751319533333333,2.2,0.74,0.8
0.0493333333333333,0.266666666666666,0.155531066666667,0.0170508110419802,0.01,0.8
0.036,0.282,0.155845666666667,0.4,0.03,0.8
0.02,0.2748,0.147476333333333,0.75,0.112,0.8
0.7,5.61533333333334,2.64469513333333,9.4,14.68,0.8
0.199,1.872,0.9135301,2.28257952459507,0.384,0.8
3.669,13.55,7.63845986666667,38.5,4.64,0.8
1.47,6.47,3.89954686666667,23.8,4.06,0.8
0.676695,5.14,2.39961953333333,4.63085055817579,1.1,0.8
0.1962,1.658,0.700453866666667,1.5,0.281,0.8
0.781,5.139,2.75821736666667,7.9,5.06,0.8
0.1834,1.855,0.801766533333333,2.04,0.671,0.8
0.4,2.9669,1.49863146666667,3.39292006587698,0.3156,0.8
0.197,1.41876,0.738740733333333,1.8,0.825,0.8
0.22745,1.8226,0.865078,2.4,0.65,0.8
0.65,4.92,2.34882863333333,7.1,1.31,0.8
0.019,0.2758,0.138482866666667,0.549778714378214,0.6312,0.8
0.052,0.646,0.266280133333333,1.06028752058656,0.716800000000001,0.8
0.333873333333333,2.023,1.1255411,3.14159265358979,2.2092,0.8
0.366,2.826,1.48682086666667,3.1101767270539,0.6049,0.8
0.4,3.68,1.8506289,5.01297584055895,0.864,0.8
2.746,11.754,6.6824626,38.4846,2.875,0.8
0.0462,1.0194,0.494376933333333,1.0386915,0.24,0.8
1.135,5.9484,3.13569823333333,10.8,1.14,0.8
1.50619,8.43,4.3632838,15.707963267949,4.46,0.8
0.0467,0.298,0.163057933333333,0.802272167320525,0.271,0.8
0.352,2.6896,1.32748213333333,3.61283155162826,1.8936,0.8
0.1945,1.6426,0.758048266666667,1.8,0.118,0.8
0.397666666666666,4.133,1.89095813333333,4.60797886816511,2.538,0.8
0.01,0.253,0.1231556,0.628318530717959,0.0789,0.8
0.048,0.2876,0.136781533333333,0.497812788749985,0.312,0.8
0.1873,1.668,0.7713267,2.18659793215093,1.872,0.8
1.646,7.294,4.28791253333333,19.6,7.66,0.8
0.048,0.254,0.1615151,0.8,0.254,0.8
0.029,0.286999999999999,0.147824666666667,0.55,0.095,0.8
0.23,2.6726,1.22658533333333,2.98345532669668,1.53,0.8
1.656,7.264,3.84985573333333,19.6,8.98,0.8
0.042,0.446700000000002,0.202945866666667,0.8,0.07,0.8
0.0219999999999999,0.3136,0.154400133333333,0.5,0.039,0.8
0.1754,1.44096,0.704853833333333,1.59263492278012,0.87,0.8
0.409,2.843,1.41922866666667,3.37769594368146,0.96,0.8
0.184,1.571,0.727703333333333,1.97920337176157,1.7604,0.8
1.45,8.09,4.57021666666667,13.7444678594553,2.5,0.8
0.0432,0.8008,0.325130566666667,1.05,0.275,0.8
0.287,1.98406666666667,1.04229173333333,2.06516731280151,0.76,0.8
0.62169,4.621,2.41420016666667,3.8,0.22,0.8
0.26325,2.25686666666667,1.1920975,2.6,0.33,0.8
1.118,6.222,2.99837776666667,11,3.71,0.8
0.0770000000000001,0.738666666666668,0.329705533333333,1,0.07,0.8
4.391,14.169,9.036147,44.3537597567528,10.3,0.8
0.5614,3.5346,1.74895196666667,5.8346695,4.4,0.8
0.3156,2.26986666666667,1.19376223333333,3.1101767270539,0.715733333333334,0.8
1.45252,6.28600000000001,3.957824,14.2,1.64,0.8
0.2499,2.022,1.11453636666667,2.5,0.749,0.8
0.62,3.67,1.97609613333333,4.95047186562982,2.068,0.8
4.493,13.557,8.687637,51.0122844861311,13.33,0.8
0.079,0.943,0.436942866666667,1.05795992107815,0.235,0.8
0.11,1.1735,0.467046066666667,1.41371669411541,0.32,0.8
0.64649,6.49,2.8802772,5.39135364371513,1.263,0.8
0.117,0.955,0.494967533333333,1.43438757109867,0.9,0.8
1.9864,9.0136,5.16726706666667,21.2,5.485,0.8
0.229,1.51,0.736059933333333,2.04203522483337,1.8936,0.8
2.875,12.88,7.317757,35.8,7.68,0.8
0.04,0.527600000000001,0.194220266666667,0.75398223686155,0.1956,0.8
0.0194,0.342,0.174142333333333,0.309820493074827,0.11,0.8
3.43,14.112,7.8292962,33.18315,2.49,0.8
0.01,0.2902,0.151272,0.55,0.097,0.8
1.1346,6.2454,3.4421874,11.5790288677411,8.41,0.8
0.03,0.5102,0.166113666666667,0.203488844519863,0.09,0.8
1.42546666666667,7.03953333333334,3.90897,13.2,1.65,0.8
0.036,0.738046666666668,0.3019991,1,0.176,0.8
0.22725,1.89924,1.0309893,2.4,0.45,0.8
0.17,1.85,0.853832266666667,2.04203522483337,1.2624,0.8
0.166,2.15600000000001,0.958024133333333,2.35619449019234,0.760466666666668,0.8
0.36,2.2092,1.2247451,3.6,2.475,0.8
0.797,5.33244000000001,2.5672303,10.6160104230332,4.93,0.8
1.48,6.95,3.96321583333333,16.2984026034175,5.61,0.8
0.418333333333334,3.16166666666667,1.70508643333333,3.2,1.25,0.8
1.046,5.64776000000001,2.95470676666667,10.8,1.09,0.8
0.6072,3.615,1.9056721,4.69744,3.04,0.8
0.048,0.672,0.329071666666667,1,0.09,0.8
0.518399999999999,4.6308,2.14751206666667,3.8013,0.812,0.8
0.466,3.7712,1.87093046666667,3.95840674352314,1.5974,0.8
0.2387,1.6593,0.794211733333333,2.38493857536575,1.777,0.8
4.405,14.875,8.757884,33.2,7.4,0.8
0.677,5.133,2.47087373333333,4.3,3.466,0.8
0.527,5.76432000000003,2.59317706666667,3.88,1.494,0.8
2.65166666666666,13.55,7.8767502,34.7,8.68,0.8
0.06,0.93,0.404609633333333,1.12359132494465,0.141,0.8
3.52,12.4502,8.52180146666667,37.6991118430775,6.68763333333334,0.8
1.452,6.948,3.8911564,12.4,2.51,0.8
1.307,6.4826,3.59756373333333,12.6,3.16,0.8
0.192733333333334,1.42766666666667,0.691949766666667,2,0.278,0.8
1.4908,7.40200000000001,4.26611786666667,18.9,1.83,0.8
0.058,0.771,0.3399572,1.22522113490002,0.2367,0.8
0.138466666666666,1.45113333333334,0.667385333333333,1.76714586764426,0.33,0.8
0.1075,0.9375,0.491768866666667,1.41371669411541,0.74,0.8
1.149,6.587,3.54621716666667,13.7444678594553,6.63040000000001,0.8
0.26195,1.88946,1.0004296,2.32817821110911,0.752,0.8
0.02,0.275,0.138752,0.469328542164619,0.238,0.8
0.288,2.042,1.11144073333333,2.58,0.981,0.8
0.46,4.625,2.2467456,4.71238898038469,0.96,0.8
1.655,7.305,4.02509226666667,15.707963267949,1.93,0.8
0.5228,7.222,2.27412253333333,3.40969271145519,1.87,0.8
0.14,1.00575,0.565112,1.2272,0.355,0.8
2.506,13.534,7.7571508,35.8,5.82,0.8
1.636,8.664,4.97880653333333,18.5,2.37,0.8
0.29,2.1992,1.1479296,2.69412,1.44,0.8
0.81,6.25,2.88619166666667,8.3,1.65,0.8
0.36,2.7226,1.5512867,3.26553936741724,1.47,0.8
0.135233333333331,1.46262666666667,0.6318068,1.56,0.245,0.8
2.82,13.54,7.32648173333333,38.5,15.52,0.8
0.324333333333332,2.59139,1.3051437,2.55,1.87,0.8
-0.0214,0.3534,0.152729266666667,0.51,0.094,0.8
0.128,1.68853333333334,0.8034642,2.010624,0.3,0.8
1.148,6.182,3.55966186666667,12.281287920441,2.37,0.8
0.024,0.271,0.1332044,0.494800842940392,0.1,0.8
0.969,5.931,2.89464996666667,12.5691536035986,7.28,0.8
1.0074,6.7526,3.38680473333333,8.9041986838708,0.72,0.8
0.58,4.11,2.24573013333333,4.90873852123405,1.59075,0.8
0.06,0.88,0.392294933333333,0.919131026251162,0.188,0.8
1.506,6.96,4.03192686666667,12.9747916271454,2.65,0.8
0.245,1.776,0.890395633333333,2.2,0.887,0.8
3.26,14.152,7.9931964,48.7462908474253,9.61,0.8
0.0192,0.3228,0.1692194,0.595765400450375,0.02,0.8
1.037,5.93,2.77734316666667,9.37557595539435,6.75,0.8
0.818,5.242,2.8581041,9.61327351998477,0.702999999999998,0.8
0.1816,1.7784,0.8739258,2,0.14,0.8
0.02,0.237,0.1083776,0.674595028429517,0.188,0.8
0.784,6.506,2.95223273333333,7.05260809797752,4.5,0.8
0.03,0.2728,0.136271533333333,0.376991118430775,0.3156,0.8
0.245,1.8936,0.994787333333333,2.35619449019234,0.64,0.8
0.853333333333331,5.14,2.7839589,7.5,1.17,0.8
0.03,0.3056,0.1566032,0.502654824574367,0.06,0.8
0.3995,3.496,1.78032376666667,3.92699081698724,0.45,0.8
0.1708,1.49896,0.6967608,1.6,0.584,0.8
0.333,1.967,1.11341413333333,3,1.237,0.8
0.00199999999999987,0.334,0.178310533333333,0.31070746558568,0.109,0.8
3.043,14.112,8.0099088,56.7,14.46,0.8
0.593,4.466,2.38269093333333,5.9,0.74,0.8
0.03,0.302,0.1305508,0.393878546194227,0.029,0.8
0.075,1.1785,0.5273182,1.25,0.292,0.8
0.2145,1.864,0.876909333333333,2.4,0.11,0.8
0.791,5.68432000000001,2.86594533333333,11,1.41,0.8
0.754,5.936,2.79511783333333,7.1,1.21,0.8
0.023,0.62272,0.277445733333333,1.09955742875643,0.789,0.8
0.11032,0.96868,0.428821,1.40806964421225,0.522,0.8
1.565,7.158,4.01733506666667,11.0446875,1.17,0.8
0.359333333333333,2.95756666666667,1.39725733333333,3.29498582133864,0.982,0.8
0.147,1.3243,0.567726533333333,1.4,0.05,0.8
1.45,7.3,4.0289208,13.2,2.07,0.8
0.794,5.281,2.52925983333333,11,1.125,0.8
3.468,14.172,8.45429226666667,34.7,6.17,0.8
0.619,3.79158,2.11284626666667,4.85911828459224,3.337,0.8
3.55,13.55,7.87529273333333,34.7,9.735,0.8
0.777,5.72996000000001,2.82483333333333,7.69690200129499,2.27,0.8
0.046,0.91,0.3516338,1.22695512298381,0.282,0.8
1.464,6.246,3.72989173333333,12.4,7.96,0.8
0.223,1.813,0.834495,2.02817678025855,1.316,0.8
-0.00780000000000005,0.3028,0.120643533333333,0.314159265358979,0.08,0.8
0.14,1.757,0.799575066666667,2.31,0.557,0.8
0.027,0.275,0.150139133333333,0.526404974276444,0.096,0.8
0.0201,0.2779,0.144239333333333,0.812887099116359,0.2684,0.8
0.63,4.925,2.38780416666667,3.1,0.36,0.8
1.67,7.944,4.54308753333333,17.3593655054344,2.53,0.8
0.806333333333331,5.70180000000001,2.76347993333333,9.52736665879938,2.8,0.8
0.390666666666666,2.2132,1.32157936666667,3.12659944213658,1.95,0.8
2.827,14.105,8.0664672,44.2,7.55,0.8
0.5945,3.7827,1.99205483333333,5.6,1.75,0.8
0.77,6.52,3.32671893333333,9.42477796076938,2.12053333333333,0.8
0.03,0.273,0.138168066666667,0.0962,0.026,0.8
0.154,1.767,0.786909266666667,2.44,0.672,0.8
0.04,0.262,0.1532724,0.574346376568022,0.188,0.8
0.67,3.44400000000001,2.1408394,4.523904,1.15,0.8
0.726,4.892,2.25620533333333,6.50666163007839,2.42,0.8
1.687,7.309,4.2019956,17.7205875,2.25,0.8
0.0979,0.984,0.5069813,1.2,0.07,0.8
1.7,9.05,4.61892026666667,22.795996226619,4.24,0.8
0.1386,1.5034,0.643496733333333,1.5,0.06,0.8
0.138,1.437,0.6680137,1.4,0.52,0.8
0.291,1.96,1.06867493333333,2.59,1.558,0.8
0.732,5.918,2.8399395,6.15082292303654,2.72,0.8
1.129,5.9994,3.3892158,11.0149296728071,2.24,0.8
0.479,3.822,2.2439424,6.69577961715732,1.94,0.8
3.308,14.432,7.74361886666667,41.2825875,11.76,0.8
0.407466666666667,4.392,1.88005613333333,5.9,1.69,0.8
0.03,0.282,0.157332933333333,0.115566621785017,0.033,0.8
0.0281000000000001,0.292,0.1554296,0.604756585816035,0.123333333333333,0.8
0.1444,1.7776,0.694425533333333,2.00276531666349,0.2525,0.8
0.154,1.4244,0.6899565,1.89,2.436,0.8
0.453,3.539,1.7362133,5.05796417227957,0.6838,0.8
0.067,0.902,0.4030002,0.991601205820018,0.224,0.8
0.0559000000000001,0.7848,0.351543233333333,1.36,1.208,0.8
0.394,4.921,2.1622839,3.87,1.128,0.8
1.598,7.59,4.22062473333333,18.2228205990245,5.82,0.8
1.726,8.114,4.23476933333333,20.4,1.85,0.8
0.15,1.71774,0.799706066666667,2.3,0.814,0.8
0.881000000000001,6.4926,2.87822873333333,9.6,0.79,0.8
1.467,8.67,4.6994974,15.9,4.4,0.8
0.42,3.01638,1.8424791,3.2,4.935,0.8
0.809,6.481,3.11010736666667,9.55044166691297,2.63,0.8
0.457,4.075,2.02288333333333,4.16039763308414,2.78,0.8
0.557750000000001,2.9957,2.02879586666667,3.48459251082889,0.4,0.8
1.924,5.9292,4.0236052,24.834146514206,6.24,0.8
2.206,8.067,4.8089708,26,4.01,0.8
0.75,5.72440000000001,2.71889963333333,7.1,1.51,0.8
1.695,7.979,4.44898106666667,15.9,1.06,0.8
1.68,7.31,4.03332813333333,21.5984494934298,2.86,0.8
1.18,7.27,3.6004164,12.5664,1.65,0.8
0.938333333333334,5.28166666666667,2.85941913333333,12.3700210735098,2.21,0.8
0.1874,2.12172,1.09991403333333,2.77106381717331,1.504,0.8
0.467,5.69940000000001,2.40584936666667,6,5.4,0.8
0.0050000000000001,0.327,0.1512294,0.5,0.076,0.8
0.3486,1.9514,1.1525033,2.5,0.075,0.8
0.24,1.968,1.05961493333333,2.35619449019234,0.4545,0.8
0.0218,0.2981,0.153263066666667,0.7098014795566,0.243,0.8
0.5829,3.359,1.89157023333333,4.90873852123405,1.111,0.8
0.16,1.394,0.590418666666667,1.42942465738336,0.985600000000001,0.8
0.066,0.9394,0.428748866666667,0.950334,0.15,0.8
1.17,7.64,3.9636124,14.1862875,1.38,0.8
0.039,0.299,0.1704088,0.934623814442963,0.567466666666667,0.8
0.97,5.14,2.84330166666667,9.6,2.84,0.8
0.4045,2.6348,1.43573696666667,2.38033795671822,1.32,0.8
0.15,1.658,0.706158633333333,1.81,1.433,0.8
0.736,6,2.7223587,8.3,2.06,0.8
0.4486,4.9364,2.09792616666667,3.95840674352314,1.02,0.8
0.32,2.2192,1.17794903333333,2.54552371393014,1.786,0.8
0.7586,4.1314,2.3654474,6.74005362648929,2.35,0.8
3.29,13.56,8.43424653333333,42.7547833160183,12.22,0.8
1.2818,8.0862,4.12319533333333,20.4702562802886,4.65,0.8
0.97,6.63040000000001,3.58426666666667,8.24668071567321,1.34,0.8
1.86,7.3,4.58544306666667,18.3537480373574,4.964,0.8
0.131,1.4444,0.6568376,1.83,0.986,0.8
0.2116,1.68495333333333,0.7540456,2.04203522483337,0.4,0.8
0.029,0.444,0.1806,0.2376,0.076,0.8
0.72,5.48453333333334,2.66528886666667,8.59387999493285,1.43,0.8
0.02,0.282,0.1358916,0.200235186222395,0.138,0.8
0.47,3.831,1.968183,5.29592923173985,6.994,0.8
1.652,7.308,4.22969373333333,16.6,1.03,0.8
0.031,0.379233333333334,0.161086466666667,0.880854217909364,0.057,0.8
0.272,2.25528666666667,1.116708,2.45,0.804,0.8
0.859299999999998,5.3937,2.70513516666667,7.96759916080941,4.449,0.8
0.191,1.911,1.0287206,2.8,0.773,0.8
0.136,1.5542,0.5894122,1.48476276548692,0.47,0.8
0.72938,5.72996000000001,2.7265248,7.5398223686155,4.2606,0.8
2.496,14.154,6.88585713333333,30.7,5.53,0.8
0.52,4.2606,2.1969668,4.83805268652828,1.64266666666667,0.8
0.833333333333331,6.046,3.1804499,7.4,2.99,0.8
0.02,0.3156,0.147798466666667,0.350956400565368,0.032,0.8
1.144,6.476,3.3447876,11.2311664466373,8.592,0.8
0.70175,5.50533333333334,2.59752656666667,6.86729645589608,3.22,0.8
0.355,2.6456,1.39355246666667,3.25154839646544,0.6312,0.8
-0.0731999999999998,0.33003,0.121395733333333,0.141371669411541,0.02,0.8
0.61,4.4159,2.09275303333333,4.33539786195391,1.1046,0.8
0.6,3.831,2.0980012,6.6,0.76,0.8
1.4728,5.8602,3.70017386666667,15.2053,6.596,0.8
1.41,5.935,3.6022612,13.357507975515,6.47,0.8
0.853333333333331,5.4185,2.7570069,8.8,0.79,0.8
3.7346,12.88,8.59082986666667,59.4,14.16,0.8
0.15,1.1835,0.637220533333333,2.4,1.889,0.8
0.026,0.3319,0.1644878,0.75398223686155,0.111833333333333,0.8
0.02,0.282,0.1228394,0.188495559215388,0.074,0.8
1.109,7.291,3.5739123,10.9955742875643,3.66,0.8
0.02,0.3256,0.1711122,0.3318315,0.03,0.8
0.38,3.74,1.92340356666667,5.80583302491138,1.38,0.8
0.03,0.272,0.1274352,0.628318530717959,0.537600000000001,0.8
0.02,0.316,0.159874066666667,0.314159265358979,0.03,0.8
0.04,0.602,0.205563,0.68,0.094,0.8
0.3228,2.061,1.20754613333333,2.8,0.699,0.8
0.2445,1.96,1.15054533333333,2.57134704932843,0.819,0.8
0.78,4.41,2.4731636,5.76921213368109,12.314,0.8
0.1458,1.4962,0.647706,1.64933614313464,2.00106666666667,0.8
2.28,9.69,5.168006,23.5619449019234,3.52,0.8
0.035,0.2555,0.1308738,0.628318530717959,0.1956,0.8
0.553,3.598,1.89741633333333,4.1,1.275,0.8
0.136,1.041,0.575489933333333,1.45467266725592,0.376,0.8
0.3102,2.60533,1.2759462,2.82743338823081,1.6626,0.8
0.33,2.28638000000001,1.22788663333333,2.72179897688299,1.504,0.8
1.686,8.654,4.78008793333333,14.1862875,1.7,0.8
0.403199999999999,2.985,1.94351933333333,3.52759438632949,1.41,0.8
0.51,3.0082,1.70178886666667,3.76991118430775,0.77,0.8
1.325,6.601,3.6794163,11.6,2.6,0.8
0.22,1.8031,0.860256333333333,2.37,3.76,0.8
0.4716,4.4784,2.15443113333333,6.9708,3.68,0.8
0.8258,5.62480000000001,2.61994986666667,6.59734457253856,0.79,0.8
0.7644,4.9336,2.43941546666667,6.9708,2.88,0.8
0.252,1.9226,0.999447466666667,2.40331837999619,1.67253333333334,0.8
0.487399999999999,4.6176,2.22515173333333,5.12373620827863,2.65,0.8
1.07647,7.31,3.69812683333333,9.787,1.366,0.8
0.02,0.453,0.201809533333333,0.869641388917007,0.282,0.8
0.02,0.292,0.145663466666667,0.634405473360313,0.188,0.8
0.04,0.24354,0.1182532,0.246232874408959,0.11,0.8
0.326,2.784,1.44870013333333,2.835294,0.56,0.8
0.298,1.975,1.083353,2.53683606777376,0.3945,0.8
0.3537,3.7563,1.97993266666667,4.2,1.329,0.8
0.38,2.9982,1.58454986666667,3,0.692,0.8
0.141600000000001,0.94856,0.463154633333333,1.53152641862502,0.16,0.8
0.026,0.306,0.1524254,0.409690170652443,0.094,0.8
0.3307,2.0826,1.19973186666667,3.09438124850497,1.16,0.8
0.47,4.5,2.56843736666667,7.25707902979242,1.19633333333333,0.8
0.677,4.628,2.18637136666667,4,0.27,0.8
3.875,14.46,9.044106,50.2656,4.5,0.8
0.7142,5.0448,2.49292576666667,7.99405509776127,5.13,0.8
0.01,0.292,0.1342602,0.461946363988455,0.126,0.8
0.61,5.12,2.36351973333333,5.89048622548086,1.29,0.8
0.663,4.507,2.259241,5.49778714378214,0.59,0.8
0.37,3.18,1.5384388,3,0.97,0.8
0.019,0.291,0.140380533333333,0.0723502785969608,0.094,0.8
0.747666666666668,5.29233333333333,2.41356806666667,7.88780600816122,1.44,0.8
0.182,1.668,0.808175,2.04,0.911,0.8
0.229,1.649,0.7647684,2.31963515452518,1.88,0.8
0.112,1.208,0.5631334,1.41,0.51,0.8
0.6162,3.821,2.08890286666667,4.94800842940392,0.68,0.8
1.69,6.97,4.3196138,18.5,3.84,0.8
0.659,4.144,2.13755023333333,7.6128283010744,3.93,0.8
0.8,5.15,2.6453349,8.24668071567321,1.7095,0.8
2.012,7.618,4.3101975,26,7.31,0.8
0.1362,1.70894,0.7450028,1.96,1.414,0.8
0.241,1.964,0.999922666666667,2.52640474270671,0.32,0.8
0.157,1.744,0.691458333333333,1.95,1.58,0.8
0.03,0.282,0.1520988,0.714712328691678,0.380233333333334,0.8
0.121,1.442,0.691659433333333,2.1382515,0.175,0.8
0.0447,0.8364,0.3473609,1.1,0.17,0.8
1.678,8.092,4.49366286666667,26,5.98,0.8
0.01,0.306,0.157743066666667,0.75398223686155,0.08,0.8
0.734,5.599,2.54013726666667,8.042496,0.75,0.8
0.04,0.2484,0.1314856,0.204849650630368,0.038,0.8
0.78,6.76,2.9487768,8.29380460547706,1.4991,0.8
2.11,10.95,5.4698488,22.0055454434798,2.69,0.8
1.157,5.753,2.9820313,11.0446875,1.125,0.8
0.03,0.302,0.151443333333333,0.392699081698724,0.03,0.8
0.295,1.926,1.08088116666667,2.5,1.978,0.8
0.383199999999999,2.6926,1.41505566666667,3.6,1.712,0.8
0.420799999999999,4.3397,2.19173526666667,3.8013,1.031,0.8
0.15,1.2964,0.628996666666667,1.41387457773894,0.96,0.8
1.652,7.648,4.1662712,21.7,8.67,0.8
0.44,3.05,1.4818902,3.978066,1.44,0.8
0.29625,2.25261666666667,1.1457194,2.9,2.065,0.8
0.154,1.66253333333334,0.715213133333333,2.17798319797594,0.576,0.8
0.415333333333334,2.71726666666667,1.37712623333333,3.2,1.633,0.8
1.26703,6.24097,3.57593573333333,12.6,5.25,0.8
0.36,2.823,1.4635985,3.07090681888402,2.6826,0.8
3.268,13.6,8.27662533333333,35.158735586035,6.82,0.8
0.59775,5.58725,2.39612163333333,5.5154715,0.9,0.8
0.046,0.708800000000001,0.2921822,0.942477796076938,0.5523,0.8
-0.07,0.301,0.0950913333333333,0.0816998477837604,0.02,0.8
0.3151,2.0344,1.19405546666667,2.9,0.14,0.8
0.1642,1.6362,0.741214266666667,1.41371669411541,0.332999999999999,0.8
1.125,6.977,3.47054223333333,9.6,1.13,0.8
3.512,15.512,9.29541453333333,35.8,5.22,0.8
0.038,0.264,0.143099666666667,0.2,0.01,0.8
2.64,13.32,7.5617788,37.1189598291627,4.55,0.8
0.3274,2.54717,1.50807066666667,3.5,2.986,0.8
0.066,0.775,0.3269145,0.942477796076938,0.28,0.8
0.12,1.42604,0.6362042,1.65204455513857,0.564,0.8
3.312,14.43,8.8114676,60.1321875,7.65,0.8
0.154,1.62956,0.7186025,1.94328202680578,0.55,0.8
0.416833333333333,3.83716666666667,2.07986613333333,4.71238898038469,2.24,0.8
2.9095,14.0775,7.9992534,33.2,12.27,0.8
0.12,1.208,0.6206018,1.48518790794219,1.757,0.8
3.31,14.45,8.8020888,40.1486570224972,10.59,0.8
2.748,13.32,7.8849582,31.7,5.26,0.8
0.033,0.284960000000001,0.149212533333333,0.592438360165271,0.195,0.8
0.0299000000000005,0.2721,0.143102066666667,0.689604164562745,0.15,0.8
3.05,11.67,6.8596424,38.1169758683778,9.05,0.8
3.32,12.86,7.7204156,44.2,9.59,0.8
0.07,0.975640000000001,0.489807933333333,1.27649314324671,1.82,0.8
0.082,0.908,0.398381133333333,1.28459347577091,0.282,0.8
0.648,4.392,2.2379419,7.8,1.17,0.8
0.00899999999999998,0.302,0.1391192,0.337758827611872,0.292,0.8
1.706,7.394,4.23697313333333,12.5664,2.16,0.8
0.3256,3.456,1.70491706666667,3.79347312920967,1.18543333333334,0.8
0.61,5.4095,2.30850786666667,6.3,4.1,0.8
0.68,4.4,2.31845656666667,6.59734457253856,1.47,0.8
0.02,0.282,0.142235266666667,0.2827,0.106,0.8
0.463,2.7182,1.7674215,3.6305115,0.9731,0.8
0.059,0.789,0.338676066666667,1.09955742875643,0.295999999999999,0.8
0.192,1.86,0.886639266666667,2.91219772464111,1.19,0.8
1.819,8.991,4.90292913333333,23.8,5.63,0.8
0.029,0.281,0.155559666666667,0.494800842940392,0.111833333333333,0.8
0.036,0.326,0.1619118,0.531834735507674,0.188,0.8
0.235,1.8809,1.00152353333333,2.38024879462776,0.35,0.8
0.461,3.5889,1.98927586666667,3.4,2.435,0.8
1.662,7.268,4.3338478,22.9,2.27,0.8
2.061,8.109,4.85677333333333,20.8,4.42,0.8
0.409,3.711,1.87424236666667,3.92699081698724,1.72,0.8
0.156,1.868,0.801347933333333,2,0.47,0.8
1.029,6.73,3.81558743333333,8.6,1.19,0.8
0.026,0.276,0.140665133333333,0.187650679776687,0.01,0.8
0.032,1.0236,0.462036566666667,1.25,0.23,0.8
0.0204,0.2896,0.155895,0.749860950861421,0.188,0.8
1.124,6.516,2.96592393333333,8,1.33,0.8
0.39945,2.6037,1.39364516666667,3.45575191894877,0.978,0.8
0.09,1.25,0.608698266666667,1.98007825211773,0.47,0.8
0.02,0.275,0.1430066,0.392699081698724,0.05,0.8
0.2725,1.787,0.864694366666667,2.4,1.159,0.8
1.839,7.6,4.48591406666667,19.6,3.57,0.8
0.039,0.263,0.130704133333333,0.377632291982261,0.08,0.8
1.82,7.31,4.1934524,20.4623946057843,4.75,0.8
0.97,5.9548,3.06601176666667,9.6,1.04,0.8
1.04,6.25,3.0223076,9.7,2.79,0.8
0.141,1.433,0.6328931,2,0.23,0.8
0.028,0.274,0.124246666666667,0.5,0.02,0.8
0.67,5.14,2.49873123333333,6.2,0.61,0.8
0.0618,0.948,0.448820333333333,1.12311937365835,0.746666666666668,0.8
3.507,13.55,8.2727456,33.18315,12.88,0.8
1.28525,7.26575,4.0650136,15.4627722791512,3.67,0.8
0.0505000000000005,0.7063,0.292331533333333,1.03672557568463,0.2,0.8
0.337,2.01106666666667,1.17766396666667,2.51046893633121,1.32,0.8
0.580999999999999,4.2682,2.2029307,6.605214,2.6,0.8
0.74,5.64480000000001,2.62815196666667,5.78545,2.72,0.8
0.247725,2.047,1.17798676666667,2.8,0.95,0.8
0.826820000000001,6.45118,2.79986156666667,10.178784,1.578,0.8
0.325,2.411,1.27274376666667,2.6,0.62,0.8
2.158,8.85200000000001,4.9380792,26.9045901610889,3.55,0.8
0.0994,1.3124,0.674573866666667,1.37196697568624,0.22,0.8
3.2855,13.5645,8.51069906666667,53.5,8.69,0.8
0.81,6.23,2.92360133333333,9.98945805677976,5.25,0.8
3.316,13.534,7.5630808,50.3,2.63,0.8
0.041,0.24744,0.1385384,0.376991118430775,0.07,0.8
0.732,6.61840000000001,3.1744088,9.43308331616277,1.74,0.8
1.09,6.41404000000001,3.38215766666667,11.0406214685642,7.6,0.8
1.374,8.676,4.52753146666667,15.9,6.71,0.8
0.361,2.05772,1.25343986666667,3.29867228626928,2.6406,0.8
0.2982,1.9878,1.08100013333333,2.48023618738243,0.56,0.8
1.578,8.98,4.61703646666667,21.4046752539833,3.05,0.8
0.418,2.965,1.73427653333333,3.1101767270539,0.394666666666666,0.8
1.457,6.731,3.83454733333333,16.9352638598374,4.84,0.8
0.1567,1.42,0.685531133333333,1.97920337176157,0.308333333333332,0.8
0.584,2.9982,1.76119046666667,3.7,2.783,0.8
0.048,0.252,0.1357776,0.329867228626928,0.1956,0.8
2.548,14.15,7.3494534,30.6796875,2.82,0.8
0.441966666666667,3.67,1.8396897,4,0.23,0.8
0.553,3.187,1.67399586666667,3.82719294822044,1.589,0.8
0.42,2.6037,1.4867344,3.12911350514114,2.832,0.8
1.405,6.715,3.73829246666667,17.7,4.81,0.8
0.229,1.9854,1.11043853333333,2.45,0.547,0.8
0.03,0.279,0.165528666666667,0.2,0.04,0.8
0.702999999999998,3.93,2.1701202,8.48230016469244,5.73440000000001,0.8
0.3156,2.6826,1.28013886666667,2.82743338823081,0.517999999999999,0.8
0.736,6.0434,2.9224444,5.78553086098898,3.831,0.8
1.005,5.925,3.19525216666667,9.6,0.225,0.8
0.038,0.264,0.129092933333333,0.342449997170553,0.061,0.8
0.597,3.0345,1.6770222,4.2,12.71,0.8
0.02,0.271,0.137635066666667,0.607614908162487,0.16,0.8
0.0209999999999999,0.281,0.151978866666667,0.28,0.036,0.8
0.31,1.90946,1.0102716,2.4,0.52,0.8
1.7422,9.00380000000001,4.78977513333333,23.5619449019234,3.66,0.8
0.2932,1.903,1.01020733333333,2.26194671058465,0.48,0.8
1.591,8.576,4.4530744,15.707963267949,1.67,0.8
0.37,1.94,1.1105576,2.96880505764235,1.05123333333334,0.8
1.05,6.49,3.01598623333333,11.4639305509092,5.952,0.8
1.83,7.66,4.20191746666667,28.2744,2.52,0.8
0.451166666666667,3.588,2.00155453333333,3.81195204986819,0.288,0.8
1.082,6.592,3.01683673333333,9.57877872154287,5.93,0.8
1.85,9.04,4.948092,20.8307715,0.6312,0.8
1.84,8.97,4.9482992,23.5619449019234,2.66,0.8
2.6367,14.1053,7.3262428,39.1268853357738,6.03,0.8
1.014,6.276,2.92516373333333,9.6,2.57,0.8
0.42,3.16,1.8766828,3.5,1.73,0.8
0.07,0.662,0.308042266666667,1.02101761241668,0.7172,0.8
0.026,0.6252,0.214333666666667,1.1508725891431,0.188,0.8
0.3259,2.1989,1.28022153333333,2.82743338823081,0.6049,0.8
0.01,0.326,0.162311866666667,0.3,0.04,0.8
-1.73472347597681e-17,0.31,0.124688866666667,0.0491,0.026,0.8
0.461666666666666,4.47,2.13127253333333,3.8,1.731,0.8
1.675,7.615,4.4130613,13.5143423523454,2.6,0.8
0.026,0.2628,0.125253533333333,0.117809724509617,0.0493333333333333,0.8
0.0275999999999995,0.247880000000001,0.135399733333333,0.173823060534602,0.059,0.8
0.113,0.733,0.3713254,0.964619941469139,0.29,0.8
1.29,7.65,4.2503604,14.1371669411541,3.47,0.8
0.5886,4.559,2.27688753333333,6.87223392972767,1.8788,0.8
0.026,0.27292,0.121747333333333,0.297747455170348,0.019,0.8
1.66,6.756,3.9442782,23.75835,2.25,0.8
0.0488,0.799,0.321867233333333,1,0.1,0.8
0.3073,2.43187,1.37365306666667,2.88,0.776,0.8
2.891,14.144,7.81147853333333,35.7847875,4.5,0.8
0.03,0.3126,0.1565782,0.13411987054354,0.082,0.8
0.211,1.579,0.722259966666667,2.05,1.778,0.8
0.129,1.209,0.5770488,1.69646003293849,0.22725,0.8
0.04,0.272,0.1465886,0.251327412287183,0.04,0.8
0.038,0.2622,0.135986733333333,0.141371669411541,0.02,0.8
1.073,6.701,3.4196069,10.5074539328036,3.04,0.8
0.89942,6.9634,3.35664206666667,9.7834095186147,7.13,0.8
0.793933333333331,4.4694,2.32189363333333,8.18695358749629,6.5,0.8
0.7287,5.63480000000001,2.6527674,7.1,1.38,0.8
0.3516,2.8104,1.33906193333333,3.2,0.61,0.8
3.26852,12.91148,7.9242204,36.9,4.86,0.8
0.05,0.74,0.309968566666667,1.23,0.614,0.8
0.369,2.24298666666667,1.34489156666667,2.9845130209103,1.40373333333333,0.8
0.622,5.138,2.39601793333333,5.96131915402541,0.576,0.8
0.02,0.312,0.155463733333333,0.527163146546675,0.11,0.8
0.63,3.7972,2.20709163333333,7.4219725004077,1.01,0.8
4.32,12.94,8.47545,56.74515,3.3,0.8
2.64366666666666,14.448,7.98142266666667,32.3084121382921,9.73,0.8
0.427,2.98832,1.61120856666667,3.92202978480801,0.94,0.8
0.6252,3.343,2.09976736666667,3.76991118430775,0.776999999999998,0.8
0.286,3.575,1.8038698,3.98035267897477,1.01,0.8
3.417,12.27,7.80405506666667,44.2,14.44,0.8
0.725,4.958,2.2895112,6.157536,1,0.8
1.84,9.6125,4.9013712,28.2744,4.925,0.8
0.026,0.276,0.123864,0.494800842940392,0.2688,0.8
0.0120000000000009,0.289999999999999,0.133878733333333,0.3848,0.083,0.8
0.00999999999999999,0.346,0.1661748,0.64,0.15,0.8
0.038,0.262,0.133074733333333,0.228135443033679,0.082,0.8
0.041,0.514,0.1982225,0.876719222554721,0.188,0.8
1.413,8.11620000000001,4.49214426666667,13.4714120340741,6.16,0.8
0.0245999999999999,0.2384,0.115261,0.4,0.03,0.8
0.58,4.645,2.3728809,5.80163152117203,3.52,0.8
0.7404,5.9956,2.71684093333333,7.77544181763474,1.48975,0.8
0.5756,5.1404,2.37713466666667,5.7,0.38,0.8
3.31,13.32,8.45953046666667,46.5267099853694,8.11,0.8
0.76747,5.1153,2.43903943333333,6.34842535426899,6.016,0.8
0.1638,1.478,0.713752333333333,1.48,0.944,0.8
0.78,5.12,2.62502423333333,7.1,1.2,0.8
0.57,18.939,3.47386156666667,3.70407055705357,1.43,0.8
0.038,0.262,0.1308422,0.879307368920903,0.17,0.8
1.125,6.5,3.41540403333333,11.0446875,3.3,0.8
0.59,4.41,2.0485727,4.9,0.81,0.8
0.596,4.394,2.1051244,4.9,1.38,0.8
1.03,6.75,3.45147913333333,11.3,1.125,0.8
0.41,3.0395,1.64601943333333,3.8,0.04,0.8
0.04,0.9128,0.364687133333333,1,0.612,0.8
1.14,6.4,3.4288831,11.1447999386098,1.94866666666666,0.8
1.4556,8.6754,4.33717506666667,23.8,3.4,0.8
3.307,13.543,8.42523593333333,38.5,6.96,0.8
1.65,6.16,3.95187386666667,22.0779737057077,15.12,0.8
0.2295,1.90124,1.06481593333333,2.53683606777376,0.514433333333334,0.8
0.7866,6.00280000000001,2.95895516666667,7.1,5.14,0.8
0.7819,5.38,2.59865333333333,7.3,0.32,0.8
0.01,0.292,0.1565098,0.0206729889650372,0.027,0.8
2.059,8.081,4.64128973333333,21.5984494934298,2.02,0.8
0.3621,3.4729,1.64067786666667,3.7,18.925,0.8
0.136,0.98,0.5273614,1.30352895857475,0.535,0.8
3.422,14.498,8.27674106666667,33.253758238248,3.7346,0.8
1.65,6.71,4.04706133333333,17.7,2.56,0.8
1.1186,6.1914,3.46764993333333,13.000228,5.92,0.8
0.513600000000001,2.9914,1.81376993333333,3.57223376269379,1.786,0.8
4.4,12.28,8.143364,68.1567667413521,15.9,0.8
0.3161,2.6646,1.30603953333333,2.9,0.42,0.8
0.03,0.285999999999999,0.1351532,0.377627061520019,0.094,0.8
0.0493333333333333,0.242766666666667,0.1363376,0.0833116443982413,0.015,0.8
0.0131,0.3225,0.147763933333333,0.2,0.045,0.8
0.0234600000000002,0.27854,0.129267733333333,0.24,0.03,0.8
0.419,4.25804000000001,1.91871596666667,4.63382612843171,2.29,0.8
0.237,1.776,0.893905966666667,2.3,0.308,0.8
0.1366,1.3194,0.5973862,1.6,0.66,0.8
0.349,2.987,1.67782293333333,3.6,0.895,0.8
0.363999999999999,2.02788000000001,1.21580823333333,2.8,0.27,0.8
0.692999999999998,5.07,2.37218836666667,7.32131598611485,3.135,0.8
0.7018,4.711,2.31032393333333,5.9,1.65,0.8
0.73,4.2506,2.1608241,7.5,0.47,0.8
1.15,6.27,3.60826873333333,10.4457955731861,1.47,0.8
1.268,6.714,3.94066713333333,21.6,3.55,0.8
0.149,1.2746,0.5862228,1.6513035,0.15,0.8
1.3368,7.601,4.284016,15.8150343505005,4.93,0.8
0.144300000000001,1.3307,0.614532,1.76246793715186,1.2,0.8
0.195,1.519,0.745132666666667,2.43911659015563,0.48,0.8
1.83800000000001,7.27199999999999,4.37067653333333,15.6,4.59,0.8
0.384,1.97,1.30540466666667,2.8,0.182,0.8
1.17,6.75,3.80551833333333,14.3940054192485,10.96,0.8
3.7331,14.4415,8.611278,54.1,10.59,0.8
1.676,7.70700000000001,4.3757346,19.1065867779278,3.77,0.8
0.2693,2.2092,1.17116556666667,2.9104,0.608,0.8
0.291,3.463,1.78393436666667,4.7,0.67,0.8
0.33,2.1992,1.26404233333333,2.7,1.807,0.8
1.456,6.97600000000001,4.11426326666667,17.7,3.96,0.8
2.8781,12.8769,7.4693516,56.7,7.62,0.8
2.678,15.142,8.53956013333333,49,11.58,0.8
0.530475,4.250125,2.06112966666667,5.27787565803085,1.23016666666667,0.8
0.111,1.1735,0.5389664,1.22230996294576,0.912,0.8
0.03,0.272,0.126478733333333,0.494800842940392,0.0986666666666664,0.8
1.2818,6.7264,3.8793504,13.690012875,3.96,0.8
1.4426,7.12,4.21121906666667,11.945934,4.72,0.8
0.66449,5.58980000000001,2.687472,6.5,2.29,0.8
0.1486,1.6634,0.651418066666667,1.41371669411541,0.12,0.8
0.07,0.9354,0.407802533333333,1,0.672,0.8
0.034,0.535070000000001,0.198113733333333,0.824457785272776,0.14,0.8
0.618,4.2506,2.03255843333333,5.81642816713371,2.004,0.8
0.322,2.1023,1.25592563333333,2.96880505764235,2.2092,0.8
0.0374,0.441,0.166518666666667,0.471238898038469,0.04,0.8
0.2156,1.8144,0.8035232,2.2,0.301,0.8
0.533,3.667,1.94072443333333,5.19540885087412,1.0783,0.8
0.01,0.292,0.147547333333333,0.0529737559161394,0.01,0.8
0.443,3.838,1.8485987,4.5,0.225,0.8
0.02,0.2984,0.1736508,0.870179651354938,0.453,0.8
2.378,14.134,6.49176133333333,29.4532,9.44,0.8
0.033,0.2554,0.119526333333333,0.2827,0.112,0.8
0.12,1.316,0.622394333333333,1.4313915,0.21,0.8
0.26075,1.968,1.0899835,2.38761041672824,0.628999999999998,0.8
0.398,3.427,1.72518576666667,3.7,1.48,0.8
1.06,5.76,2.99401673333333,11,1.62,0.8
0.67946,5.62764000000001,2.4911555,4.31633898533728,2.92,0.8
0.028,0.269,0.135408333333333,0.176714586764426,0.2367,0.8
0.486,3.504,1.66124713333333,4.3,3.591,0.8
0.16,1.5016,0.696524933333333,1.50744252018542,0.235,0.8
0.0809999999999999,0.845,0.388085733333333,1.26474328892061,0.44,0.8
0.055,0.647,0.235946533333333,0.86,0.237,0.8
0.03,0.2584,0.1246842,0.33,0.098,0.8
0.390466666666667,3.01332,1.42193863333333,4.30578016627138,6.35,0.8
0.1322,1.5158,0.6805526,1.8,1.498,0.8
0.071,0.77,0.330171666666667,1.03778880129615,0.15,0.8
0.80477,5.26,2.75901296666667,9.8,9.59,0.8
2.82,14.16,7.72964,63.6174,9.4,0.8
0.809,5.62580000000001,2.70397466666667,6.33353664907395,1.86,0.8
0.367,1.943,1.19023793333333,3.02616151718249,3.822,0.8
0.0563,0.602,0.251614466666667,0.9503,0.225,0.8
2.2673,9.3702,5.25149906666667,28.2744,2.4,0.8
2.35133333333333,10.5966666666667,5.06162453333333,28.3,14.84,0.8
0.52,3.536,1.92246786666667,4.3,1.385,0.8
1.586,6.036,3.73235066666667,15.2,3.72,0.8
0.14,1.316,0.6403006,1.48094844850926,0.92,0.8
0.5962,6.026,2.49562746666667,5.32897202444421,1.08,0.8
1.69,8.96,4.9396108,26,8.07,0.8
0.65,5.402,2.33911106666667,4,0.52,0.8
2.657,14.163,7.31643266666667,28.3,5.52,0.8
0.32,2.6826,1.54241353333333,2.8856883679141,1.034,0.8
0.759,6.49,3.01375976666667,8.7,8.1,0.8
0.2675,1.871,0.9217616,2.35619449019234,0.11,0.8
0.83,5.71440000000001,2.82816906666667,8.14465682702308,2.07,0.8
1.85,9.10400000000001,5.00796686666667,28.2743338823081,3.35,0.8
0.1084,1.5896,0.666887,1.56,0.263,0.8
0.422,3.167,1.6445422,3.3,2.995,0.8
1.663,6.797,4.03588386666667,14.8001964794884,3.81,0.8
0.01,0.2848,0.127195466666667,0.0785398163397448,0.02,0.8
0.0457400000000003,0.314259999999999,0.176672533333333,0.848230016469244,0.18,0.8
0.68,5.13,2.62791473333333,7.79114978090269,0.863333333333331,0.8
0.209,1.7814,0.803785066666667,2.54469004940773,0.303,0.8
0.2078,1.332,0.6584735,1.58136402036727,0.32,0.8
1.6844,7.9556,4.55260806666667,14.2,4.07,0.8
0.03,0.282,0.1595508,0.782352723936376,0.282,0.8
0.41,2.6726,1.61057996666667,3.8,1.073,0.8
4.3918,14.8282,8.9647874,47.2,14.9,0.8
0.0929999999999999,0.9585,0.468180466666667,1.2272,0.659,0.8
0.21,1.668,0.7579398,1.92,0.229,0.8
1.98,8.71,4.72768353333333,25.1,2.98,0.8
0.673575,5.06,2.27629626666667,5.9,0.32,0.8
1.109,7.296,3.6591141,10.2,1.15,0.8
1.4898,7.593,4.20620393333333,12.6,2.83,0.8
0.387,3.479,1.76618753333333,3.9,1.239,0.8
0.51,4.41,2.3019232,5.5,2.5,0.8
0.136000000000005,1.22144,0.612741433333333,1.49,0.747,0.8
0.815,8.12420000000001,4.05935866666667,9.3,6.25,0.8
0.026,0.316,0.174648866666667,0.785398163397448,0.07,0.8
0.389,1.958,1.10454073333333,2.4053,0.643,0.8
0.407,2.805,1.51377533333333,3.3,0.36,0.8
0.526,3.4725,1.90951866666667,6.0745161770148,1.63,0.8
1.398,6.264,3.4206962,14.2,2.03,0.8
2.56,12.27,7.84808613333333,54.4978380738403,16.67,0.8
0.585400000000001,4.615,1.9408773,3.8,6.73,0.8
2.881,14.106,7.9291352,35.8,8.44,0.8
0.187,1.72,0.761014466666667,2,0.281,0.8
-0.00800000000000091,0.580300000000001,0.185547866666667,0.902557752104668,0.336,0.8
0.973,5.911,2.9105721,9.84889149306111,2.67,0.8
0.46,3.581,1.7667077,4.95863714742336,3.42,0.8
0.701,4.15446,2.16538053333333,5.76839086736914,9.15,0.8
0.207,1.732,0.7919592,2.03330848428533,1.92,0.8
2.39,12.28,6.79946666666667,28.3,4.91,0.8
0.178333333333334,1.83166666666667,0.911076133333333,2.4052875,0.84,0.8
0.686,5.124,2.33678166666667,5.86073731725428,0.432,0.8
0.1096,0.912,0.452278733333333,1.17223768617354,0.144,0.8
0.195,1.8005,0.864257466666667,2.31,0.604,0.8
0.109,0.996,0.485064133333333,1.2271875,0.06,0.8
0.02,0.29,0.132253866666667,0.302378292908018,0.149333333333333,0.8
0.345,2.419,1.24579416666667,2.9,1.51,0.8
0.0432,0.2688,0.131425066666667,0.384352094065866,0.02,0.8
0.52,5.13,2.36099226666667,4.8582764432283,1.32,0.8
-0.00820000000000011,0.3442,0.152813933333333,0.355833290074266,0.212,0.8
0.0399,0.8776,0.3296926,1.00219753779923,0.188,0.8
0.1502,1.1585,0.524995666666667,1.2,0.23,0.8
